edition_id,game_id,home_team,away_team,round,team_id,opponent_id,MIN,SEC,PTS,2FGA,2FGM,3FGA,3FGM,FTM,FTA,DREB,OREB,AST,STL,TOV,BLK,BLKA,PF
22-23 PROA,2022-09-23:Gravelines-Dunkerque-Boulogne-Levallois,Gravelines-Dunkerque,Boulogne-Levallois,1,Boulogne-Levallois,Gravelines-Dunkerque,200,12000,73,51,27,18,5,4,8,24,12,14,6,18,2,3,20
22-23 PROA,2022-09-23:Gravelines-Dunkerque-Boulogne-Levallois,Gravelines-Dunkerque,Boulogne-Levallois,1,Gravelines-Dunkerque,Boulogne-Levallois,200,12000,85,39,18,28,11,16,18,24,13,15,7,14,4,2,14
22-23 PROA,2022-09-23:Roanne-Blois,Roanne,Blois,1,Blois,Roanne,200,12000,94,47,28,24,10,8,12,25,13,18,9,15,0,3,25
22-23 PROA,2022-09-23:Roanne-Blois,Roanne,Blois,1,Roanne,Blois,200,12000,90,31,18,25,11,21,27,20,6,23,6,18,3,0,15
22-23 PROA,2022-09-23:Dijon-Le Portel,Dijon,Le Portel,1,Dijon,Le Portel,200,12000,87,42,23,22,11,8,12,22,7,21,8,7,1,5,23
22-23 PROA,2022-09-23:Dijon-Le Portel,Dijon,Le Portel,1,Le Portel,Dijon,200,12000,76,38,23,19,4,18,25,24,11,15,3,11,5,1,14
22-23 PROA,2022-09-24:Pau-Lacq-Orthez-Strasbourg,Pau-Lacq-Orthez,Strasbourg,1,Pau-Lacq-Orthez,Strasbourg,200,12000,83,37,18,23,8,23,29,27,14,22,7,11,2,1,13
22-23 PROA,2022-09-24:Pau-Lacq-Orthez-Strasbourg,Pau-Lacq-Orthez,Strasbourg,1,Strasbourg,Pau-Lacq-Orthez,200,12000,80,40,19,29,12,6,9,23,14,15,7,11,1,2,23
22-23 PROA,2022-09-24:Bourg-en-Bresse-Paris,Bourg-en-Bresse,Paris,1,Bourg-en-Bresse,Paris,225,13500,102,54,25,29,11,19,27,29,9,16,10,11,2,9,22
22-23 PROA,2022-09-24:Bourg-en-Bresse-Paris,Bourg-en-Bresse,Paris,1,Paris,Bourg-en-Bresse,225,13500,99,44,22,28,11,22,23,39,10,21,5,23,11,2,23
22-23 PROA,2022-09-24:Nanterre-Monaco,Nanterre,Monaco,1,Monaco,Nanterre,200,12000,78,46,20,22,8,14,24,21,17,19,5,4,3,4,16
22-23 PROA,2022-09-24:Nanterre-Monaco,Nanterre,Monaco,1,Nanterre,Monaco,200,12000,75,45,25,18,7,4,8,26,10,17,1,11,4,3,25
22-23 PROA,2022-09-24:Le Mans-Fos-sur-Mer,Le Mans,Fos-sur-Mer,1,Fos-sur-Mer,Le Mans,200,12000,83,47,26,15,6,13,17,19,11,18,9,16,3,1,18
22-23 PROA,2022-09-24:Le Mans-Fos-sur-Mer,Le Mans,Fos-sur-Mer,1,Le Mans,Fos-sur-Mer,200,12000,101,43,25,23,12,15,20,22,13,27,11,14,1,3,20
22-23 PROA,2022-09-24:Nancy-Limoges,Nancy,Limoges,1,Limoges,Nancy,200,12000,78,35,19,33,9,13,17,32,6,17,5,7,2,2,21
22-23 PROA,2022-09-24:Nancy-Limoges,Nancy,Limoges,1,Nancy,Limoges,200,12000,87,30,18,34,11,18,23,35,8,26,2,8,2,2,18
22-23 PROA,2022-09-25:Cholet-Lyon-Villeurbanne,Cholet,Lyon-Villeurbanne,1,Cholet,Lyon-Villeurbanne,200,12000,91,33,20,23,8,27,37,22,9,12,11,12,0,1,24
22-23 PROA,2022-09-25:Cholet-Lyon-Villeurbanne,Cholet,Lyon-Villeurbanne,1,Lyon-Villeurbanne,Cholet,200,12000,89,34,20,24,10,19,22,22,7,16,7,16,1,0,29
22-23 PROA,2022-09-27:Blois-Lyon-Villeurbanne,Blois,Lyon-Villeurbanne,2,Blois,Lyon-Villeurbanne,200,12000,86,48,23,21,8,16,20,26,20,18,7,18,3,1,24
22-23 PROA,2022-09-27:Blois-Lyon-Villeurbanne,Blois,Lyon-Villeurbanne,2,Lyon-Villeurbanne,Blois,200,12000,82,32,19,22,7,23,28,20,4,19,7,13,1,3,22
22-23 PROA,2022-09-27:Limoges-Le Mans,Limoges,Le Mans,2,Le Mans,Limoges,200,12000,69,27,18,22,6,15,25,30,6,24,3,13,6,2,17
22-23 PROA,2022-09-27:Limoges-Le Mans,Limoges,Le Mans,2,Limoges,Le Mans,200,12000,62,41,17,27,5,13,14,21,15,15,5,8,2,6,23
22-23 PROA,2022-09-27:Nancy-Monaco,Nancy,Monaco,2,Monaco,Nancy,200,12000,89,40,23,28,10,13,15,27,13,21,5,8,0,3,17
22-23 PROA,2022-09-27:Nancy-Monaco,Nancy,Monaco,2,Nancy,Monaco,200,12000,76,35,23,24,7,9,15,22,5,17,4,9,3,0,15
22-23 PROA,2022-09-27:Nanterre-Paris,Nanterre,Paris,2,Nanterre,Paris,200,12000,97,44,24,25,10,19,23,24,8,19,6,9,5,3,21
22-23 PROA,2022-09-27:Nanterre-Paris,Nanterre,Paris,2,Paris,Nanterre,200,12000,83,48,23,22,6,19,30,26,20,19,3,15,3,5,19
22-23 PROA,2022-09-27:Roanne-Gravelines-Dunkerque,Roanne,Gravelines-Dunkerque,2,Gravelines-Dunkerque,Roanne,199.17,11950,70,34,14,27,10,12,14,28,10,10,5,20,0,2,22
22-23 PROA,2022-09-27:Roanne-Gravelines-Dunkerque,Roanne,Gravelines-Dunkerque,2,Roanne,Gravelines-Dunkerque,199.17,11950,111,43,25,31,14,19,29,28,13,23,13,6,2,0,19
22-23 PROA,2022-09-27:Le Portel-Bourg-en-Bresse,Le Portel,Bourg-en-Bresse,2,Bourg-en-Bresse,Le Portel,200,12000,73,34,22,23,4,17,24,27,7,16,6,10,0,3,16
22-23 PROA,2022-09-27:Le Portel-Bourg-en-Bresse,Le Portel,Bourg-en-Bresse,2,Le Portel,Bourg-en-Bresse,199.63,11978,71,40,21,25,7,8,10,27,8,21,1,11,3,0,22
22-23 PROA,2022-09-27:Boulogne-Levallois-Pau-Lacq-Orthez,Boulogne-Levallois,Pau-Lacq-Orthez,2,Boulogne-Levallois,Pau-Lacq-Orthez,200,12000,82,47,22,17,7,17,21,31,11,22,6,15,9,5,18
22-23 PROA,2022-09-27:Boulogne-Levallois-Pau-Lacq-Orthez,Boulogne-Levallois,Pau-Lacq-Orthez,2,Pau-Lacq-Orthez,Boulogne-Levallois,200,12000,59,40,16,29,6,9,13,26,16,17,4,20,4,10,20
22-23 PROA,2022-09-27:Dijon-Strasbourg,Dijon,Strasbourg,2,Dijon,Strasbourg,200,12000,100,36,23,22,8,30,40,26,8,20,3,11,4,3,26
22-23 PROA,2022-09-27:Dijon-Strasbourg,Dijon,Strasbourg,2,Strasbourg,Dijon,200,12000,92,45,28,21,4,24,28,24,10,16,4,10,3,4,30
22-23 PROA,2022-09-30:Boulogne-Levallois-Le Portel,Boulogne-Levallois,Le Portel,3,Boulogne-Levallois,Le Portel,200,12000,92,56,27,17,8,14,18,25,13,22,14,17,5,2,25
22-23 PROA,2022-09-30:Boulogne-Levallois-Le Portel,Boulogne-Levallois,Le Portel,3,Le Portel,Boulogne-Levallois,200,12000,82,31,15,26,9,25,32,28,11,17,9,22,1,5,22
22-23 PROA,2022-10-01:Lyon-Villeurbanne-Bourg-en-Bresse,Lyon-Villeurbanne,Bourg-en-Bresse,3,Bourg-en-Bresse,Lyon-Villeurbanne,200,12000,84,42,28,20,5,13,15,15,6,10,10,10,4,1,22
22-23 PROA,2022-10-01:Lyon-Villeurbanne-Bourg-en-Bresse,Lyon-Villeurbanne,Bourg-en-Bresse,3,Lyon-Villeurbanne,Bourg-en-Bresse,200,12000,102,35,22,27,15,13,16,24,11,22,5,14,1,4,20
22-23 PROA,2022-10-01:Gravelines-Dunkerque-Dijon,Gravelines-Dunkerque,Dijon,3,Dijon,Gravelines-Dunkerque,200,12000,69,29,14,33,9,14,18,25,8,21,8,8,2,1,22
22-23 PROA,2022-10-01:Gravelines-Dunkerque-Dijon,Gravelines-Dunkerque,Dijon,3,Gravelines-Dunkerque,Dijon,200,12000,71,35,23,22,4,13,21,31,5,16,2,12,1,2,18
22-23 PROA,2022-10-01:Paris-Blois,Paris,Blois,3,Blois,Paris,200,12000,104,42,22,26,14,18,27,28,9,24,11,16,0,1,22
22-23 PROA,2022-10-01:Paris-Blois,Paris,Blois,3,Paris,Blois,200,12000,99,33,20,39,15,14,27,26,11,22,7,17,1,0,24
22-23 PROA,2022-10-01:Fos-sur-Mer-Nanterre,Fos-sur-Mer,Nanterre,3,Fos-sur-Mer,Nanterre,200,12000,87,34,22,17,7,22,34,35,8,22,5,21,4,3,15
22-23 PROA,2022-10-01:Fos-sur-Mer-Nanterre,Fos-sur-Mer,Nanterre,3,Nanterre,Fos-sur-Mer,200,12000,84,46,21,31,11,9,11,19,9,19,12,8,3,4,25
22-23 PROA,2022-10-02:Strasbourg-Nancy,Strasbourg,Nancy,3,Nancy,Strasbourg,200,12000,69,34,15,22,9,12,18,20,5,15,8,7,2,1,17
22-23 PROA,2022-10-02:Strasbourg-Nancy,Strasbourg,Nancy,3,Strasbourg,Nancy,200,12000,79,28,15,38,13,10,10,28,17,15,2,14,1,2,17
22-23 PROA,2022-10-02:Monaco-Roanne,Monaco,Roanne,3,Monaco,Roanne,200,12000,109,44,29,19,6,33,43,23,13,24,8,11,3,2,22
22-23 PROA,2022-10-02:Monaco-Roanne,Monaco,Roanne,3,Roanne,Monaco,200,12000,85,33,16,28,12,17,24,18,11,21,7,15,2,3,30
22-23 PROA,2022-10-02:Pau-Lacq-Orthez-Limoges,Pau-Lacq-Orthez,Limoges,3,Limoges,Pau-Lacq-Orthez,200,12000,62,38,16,24,8,6,7,18,16,11,6,17,1,3,19
22-23 PROA,2022-10-02:Pau-Lacq-Orthez-Limoges,Pau-Lacq-Orthez,Limoges,3,Pau-Lacq-Orthez,Limoges,200,12000,81,25,15,28,13,12,16,21,9,17,6,15,3,1,12
22-23 PROA,2022-10-04:Le Mans-Cholet,Le Mans,Cholet,3,Cholet,Le Mans,200,12000,82,41,18,23,9,19,22,23,11,15,7,9,0,2,22
22-23 PROA,2022-10-04:Le Mans-Cholet,Le Mans,Cholet,3,Le Mans,Cholet,200,12000,90,40,25,23,9,13,21,26,11,25,3,12,2,0,21
22-23 PROA,2022-10-08:Dijon-Le Mans,Dijon,Le Mans,4,Dijon,Le Mans,225,13500,100,40,25,29,10,20,27,16,9,18,9,12,2,2,30
22-23 PROA,2022-10-08:Dijon-Le Mans,Dijon,Le Mans,4,Le Mans,Dijon,225,13500,110,46,31,18,7,27,35,26,13,19,6,19,2,2,22
22-23 PROA,2022-10-08:Le Portel-Lyon-Villeurbanne,Le Portel,Lyon-Villeurbanne,4,Le Portel,Lyon-Villeurbanne,200,12000,82,42,23,17,7,15,17,19,7,18,11,18,4,2,21
22-23 PROA,2022-10-08:Le Portel-Lyon-Villeurbanne,Le Portel,Lyon-Villeurbanne,4,Lyon-Villeurbanne,Le Portel,200,12000,85,37,17,19,12,15,20,23,8,24,9,19,2,4,18
22-23 PROA,2022-10-08:Nancy-Nanterre,Nancy,Nanterre,4,Nancy,Nanterre,200,12000,82,36,20,18,8,18,19,22,9,16,4,15,5,5,16
22-23 PROA,2022-10-08:Nancy-Nanterre,Nancy,Nanterre,4,Nanterre,Nancy,200,12000,87,45,23,24,11,8,12,18,13,25,11,8,5,7,19
22-23 PROA,2022-10-08:Blois-Fos-sur-Mer,Blois,Fos-sur-Mer,4,Blois,Fos-sur-Mer,200,12000,75,34,18,24,7,18,22,20,7,13,12,14,4,1,22
22-23 PROA,2022-10-08:Blois-Fos-sur-Mer,Blois,Fos-sur-Mer,4,Fos-sur-Mer,Blois,200,12000,70,30,17,19,5,21,26,29,8,12,5,24,1,4,19
22-23 PROA,2022-10-08:Bourg-en-Bresse-Pau-Lacq-Orthez,Bourg-en-Bresse,Pau-Lacq-Orthez,4,Bourg-en-Bresse,Pau-Lacq-Orthez,200,12000,92,40,28,21,9,9,13,22,9,22,9,13,3,2,22
22-23 PROA,2022-10-08:Bourg-en-Bresse-Pau-Lacq-Orthez,Bourg-en-Bresse,Pau-Lacq-Orthez,4,Pau-Lacq-Orthez,Bourg-en-Bresse,200,12000,77,42,21,20,8,11,13,16,12,18,5,16,2,3,17
22-23 PROA,2022-10-08:Cholet-Strasbourg,Cholet,Strasbourg,4,Cholet,Strasbourg,200,12000,84,38,23,24,9,11,16,17,7,22,9,12,4,1,20
22-23 PROA,2022-10-08:Cholet-Strasbourg,Cholet,Strasbourg,4,Strasbourg,Cholet,200,12000,79,45,26,24,7,6,6,24,19,17,5,20,1,4,22
22-23 PROA,2022-10-08:Limoges-Paris,Limoges,Paris,4,Limoges,Paris,200,12000,107,43,28,28,10,21,25,21,9,22,13,9,2,3,28
22-23 PROA,2022-10-08:Limoges-Paris,Limoges,Paris,4,Paris,Limoges,200,12000,100,34,22,24,9,29,40,25,11,15,6,19,3,2,22
22-23 PROA,2022-10-09:Monaco-Gravelines-Dunkerque,Monaco,Gravelines-Dunkerque,4,Gravelines-Dunkerque,Monaco,200,12000,85,32,19,26,11,14,18,20,2,15,10,13,1,3,19
22-23 PROA,2022-10-09:Monaco-Gravelines-Dunkerque,Monaco,Gravelines-Dunkerque,4,Monaco,Gravelines-Dunkerque,200,12000,95,40,22,19,11,18,20,27,7,22,8,15,3,1,17
22-23 PROA,2022-10-14:Fos-sur-Mer-Le Portel,Fos-sur-Mer,Le Portel,5,Fos-sur-Mer,Le Portel,200,12000,79,43,28,14,5,8,15,23,7,23,9,14,2,0,17
22-23 PROA,2022-10-14:Fos-sur-Mer-Le Portel,Fos-sur-Mer,Le Portel,5,Le Portel,Fos-sur-Mer,200,12000,77,37,18,29,9,14,17,21,18,15,10,16,0,2,21
22-23 PROA,2022-10-15:Strasbourg-Limoges,Strasbourg,Limoges,5,Limoges,Strasbourg,200,12000,73,43,22,21,6,11,12,30,10,14,5,12,5,2,18
22-23 PROA,2022-10-15:Strasbourg-Limoges,Strasbourg,Limoges,5,Strasbourg,Limoges,200,12000,71,35,18,31,9,8,14,25,12,17,6,13,2,5,19
22-23 PROA,2022-10-15:Nanterre-Roanne,Nanterre,Roanne,5,Nanterre,Roanne,200,12000,85,37,19,25,9,20,26,23,13,21,8,15,0,4,22
22-23 PROA,2022-10-15:Nanterre-Roanne,Nanterre,Roanne,5,Roanne,Nanterre,200,12000,81,43,27,21,4,15,20,23,9,19,9,13,5,0,23
22-23 PROA,2022-10-15:Nancy-Pau-Lacq-Orthez,Nancy,Pau-Lacq-Orthez,5,Nancy,Pau-Lacq-Orthez,200,12000,88,43,27,26,7,13,14,28,8,19,8,10,4,1,18
22-23 PROA,2022-10-15:Nancy-Pau-Lacq-Orthez,Nancy,Pau-Lacq-Orthez,5,Pau-Lacq-Orthez,Nancy,200,12000,81,35,16,27,13,10,15,26,8,24,9,14,1,4,13
22-23 PROA,2022-10-15:Le Mans-Boulogne-Levallois,Le Mans,Boulogne-Levallois,5,Boulogne-Levallois,Le Mans,225,13500,94,58,32,22,5,15,18,22,14,17,12,12,2,6,18
22-23 PROA,2022-10-15:Le Mans-Boulogne-Levallois,Le Mans,Boulogne-Levallois,5,Le Mans,Boulogne-Levallois,225,13500,89,33,24,28,8,17,25,30,8,20,6,23,6,2,19
22-23 PROA,2022-10-15:Bourg-en-Bresse-Cholet,Bourg-en-Bresse,Cholet,5,Bourg-en-Bresse,Cholet,200,12000,68,41,21,22,4,14,19,24,5,15,5,8,4,2,21
22-23 PROA,2022-10-15:Bourg-en-Bresse-Cholet,Bourg-en-Bresse,Cholet,5,Cholet,Bourg-en-Bresse,200,12000,87,35,19,25,11,16,22,36,10,19,5,15,2,4,20
22-23 PROA,2022-10-15:Blois-Dijon,Blois,Dijon,5,Blois,Dijon,200,12000,74,40,20,21,7,13,15,19,12,22,5,13,2,1,16
22-23 PROA,2022-10-15:Blois-Dijon,Blois,Dijon,5,Dijon,Blois,200,12000,107,33,16,34,21,12,17,22,12,24,6,6,1,2,19
22-23 PROA,2022-10-16:Paris-Monaco,Paris,Monaco,5,Monaco,Paris,200,12000,95,39,21,37,11,20,29,26,21,18,12,15,8,5,20
22-23 PROA,2022-10-16:Paris-Monaco,Paris,Monaco,5,Paris,Monaco,200,12000,91,36,21,33,10,19,22,27,12,19,10,17,4,8,27
22-23 PROA,2022-10-16:Lyon-Villeurbanne-Gravelines-Dunkerque,Lyon-Villeurbanne,Gravelines-Dunkerque,5,Gravelines-Dunkerque,Lyon-Villeurbanne,200,12000,74,42,22,21,6,12,14,23,8,13,3,9,3,1,19
22-23 PROA,2022-10-16:Lyon-Villeurbanne-Gravelines-Dunkerque,Lyon-Villeurbanne,Gravelines-Dunkerque,5,Lyon-Villeurbanne,Gravelines-Dunkerque,200,12000,83,43,25,24,8,9,12,28,11,20,5,8,1,3,19
22-23 PROA,2022-10-21:Boulogne-Levallois-Blois,Boulogne-Levallois,Blois,6,Blois,Boulogne-Levallois,200,12000,88,45,22,23,7,23,36,25,16,19,8,11,4,8,19
22-23 PROA,2022-10-21:Boulogne-Levallois-Blois,Boulogne-Levallois,Blois,6,Boulogne-Levallois,Blois,200,12000,113,49,32,23,12,13,20,27,6,26,5,12,8,4,25
22-23 PROA,2022-10-22:Cholet-Nancy,Cholet,Nancy,6,Cholet,Nancy,200,12000,94,42,25,28,10,14,17,27,11,25,11,15,5,2,12
22-23 PROA,2022-10-22:Cholet-Nancy,Cholet,Nancy,6,Nancy,Cholet,200,12000,73,43,21,30,8,7,8,27,16,15,11,17,2,5,16
22-23 PROA,2022-10-22:Dijon-Nanterre,Dijon,Nanterre,6,Dijon,Nanterre,200,12000,79,42,25,25,7,8,10,28,17,14,7,14,1,3,21
22-23 PROA,2022-10-22:Dijon-Nanterre,Dijon,Nanterre,6,Nanterre,Dijon,200,12000,71,30,16,32,10,9,13,18,8,16,8,11,3,1,14
22-23 PROA,2022-10-22:Gravelines-Dunkerque-Strasbourg,Gravelines-Dunkerque,Strasbourg,6,Gravelines-Dunkerque,Strasbourg,200,12000,85,41,25,26,8,11,12,29,11,14,9,11,4,1,18
22-23 PROA,2022-10-22:Gravelines-Dunkerque-Strasbourg,Gravelines-Dunkerque,Strasbourg,6,Strasbourg,Gravelines-Dunkerque,200,12000,69,47,21,20,6,9,15,22,15,16,7,15,1,4,22
22-23 PROA,2022-10-22:Limoges-Fos-sur-Mer,Limoges,Fos-sur-Mer,6,Fos-sur-Mer,Limoges,200,12000,75,38,26,19,4,11,15,18,7,13,12,17,2,1,24
22-23 PROA,2022-10-22:Limoges-Fos-sur-Mer,Limoges,Fos-sur-Mer,6,Limoges,Fos-sur-Mer,200,12000,87,35,20,21,10,17,24,23,11,13,10,20,1,1,18
22-23 PROA,2022-10-22:Pau-Lacq-Orthez-Paris,Pau-Lacq-Orthez,Paris,6,Paris,Pau-Lacq-Orthez,200,12000,79,45,25,22,4,17,23,31,9,19,7,17,5,4,17
22-23 PROA,2022-10-22:Pau-Lacq-Orthez-Paris,Pau-Lacq-Orthez,Paris,6,Pau-Lacq-Orthez,Paris,200,12000,74,42,21,25,8,8,13,30,7,18,7,19,4,5,22
22-23 PROA,2022-10-23:Le Portel-Le Mans,Le Portel,Le Mans,6,Le Mans,Le Portel,225,13500,75,48,23,20,6,11,14,30,16,14,5,17,1,4,19
22-23 PROA,2022-10-23:Le Portel-Le Mans,Le Portel,Le Mans,6,Le Portel,Le Mans,225,13500,71,36,19,30,8,9,15,21,9,14,8,11,4,1,16
22-23 PROA,2022-10-23:Monaco-Bourg-en-Bresse,Monaco,Bourg-en-Bresse,6,Bourg-en-Bresse,Monaco,200,12000,94,42,25,19,9,17,19,22,6,19,8,12,3,2,27
22-23 PROA,2022-10-23:Monaco-Bourg-en-Bresse,Monaco,Bourg-en-Bresse,6,Monaco,Bourg-en-Bresse,200,12000,98,42,25,17,9,21,29,22,8,21,8,12,2,3,19
22-23 PROA,2022-10-23:Roanne-Lyon-Villeurbanne,Roanne,Lyon-Villeurbanne,6,Lyon-Villeurbanne,Roanne,200,12000,83,39,22,23,6,21,27,21,12,14,5,13,3,5,26
22-23 PROA,2022-10-23:Roanne-Lyon-Villeurbanne,Roanne,Lyon-Villeurbanne,6,Roanne,Lyon-Villeurbanne,200,12000,89,41,20,20,9,22,29,23,13,16,7,13,5,3,27
22-23 PROA,2022-10-28:Fos-sur-Mer-Dijon,Fos-sur-Mer,Dijon,7,Dijon,Fos-sur-Mer,200,12000,100,37,26,22,10,18,23,22,8,24,13,11,2,3,22
22-23 PROA,2022-10-28:Fos-sur-Mer-Dijon,Fos-sur-Mer,Dijon,7,Fos-sur-Mer,Dijon,200,12000,66,41,21,14,3,15,23,17,11,10,7,19,3,2,21
22-23 PROA,2022-10-29:Blois-Limoges,Blois,Limoges,7,Blois,Limoges,200,12000,68,34,17,17,8,10,17,17,6,17,4,13,4,4,16
22-23 PROA,2022-10-29:Blois-Limoges,Blois,Limoges,7,Limoges,Blois,200,12000,95,30,21,26,15,8,9,25,3,24,6,10,4,4,19
22-23 PROA,2022-10-29:Bourg-en-Bresse-Boulogne-Levallois,Bourg-en-Bresse,Boulogne-Levallois,7,Boulogne-Levallois,Bourg-en-Bresse,225,13500,95,44,30,23,6,17,19,36,6,21,7,18,8,3,24
22-23 PROA,2022-10-29:Bourg-en-Bresse-Boulogne-Levallois,Bourg-en-Bresse,Boulogne-Levallois,7,Bourg-en-Bresse,Boulogne-Levallois,225,13500,91,37,20,35,13,12,18,26,7,20,9,16,3,7,24
22-23 PROA,2022-10-29:Pau-Lacq-Orthez-Le Portel,Pau-Lacq-Orthez,Le Portel,7,Le Portel,Pau-Lacq-Orthez,200,12000,89,40,21,19,10,17,24,25,10,16,6,10,3,2,21
22-23 PROA,2022-10-29:Pau-Lacq-Orthez-Le Portel,Pau-Lacq-Orthez,Le Portel,7,Pau-Lacq-Orthez,Le Portel,200,12000,84,36,20,26,10,14,20,21,8,22,6,8,2,3,20
22-23 PROA,2022-10-29:Paris-Cholet,Paris,Cholet,7,Cholet,Paris,200,12000,75,37,17,37,10,11,18,31,19,15,8,15,3,5,22
22-23 PROA,2022-10-29:Paris-Cholet,Paris,Cholet,7,Paris,Cholet,200,12000,66,37,24,27,2,12,19,29,11,14,10,17,5,3,21
22-23 PROA,2022-10-29:Nanterre-Gravelines-Dunkerque,Nanterre,Gravelines-Dunkerque,7,Gravelines-Dunkerque,Nanterre,225,13500,95,38,22,36,14,9,12,24,14,22,9,16,0,1,28
22-23 PROA,2022-10-29:Nanterre-Gravelines-Dunkerque,Nanterre,Gravelines-Dunkerque,7,Nanterre,Gravelines-Dunkerque,225,13500,103,30,19,31,14,23,32,26,6,24,6,13,1,0,15
22-23 PROA,2022-10-29:Le Mans-Roanne,Le Mans,Roanne,7,Le Mans,Roanne,200,12000,100,38,22,17,7,35,38,24,6,22,5,13,3,5,26
22-23 PROA,2022-10-29:Le Mans-Roanne,Le Mans,Roanne,7,Roanne,Le Mans,200,12000,75,33,16,26,6,25,36,18,16,12,5,20,5,3,28
22-23 PROA,2022-10-30:Strasbourg-Monaco,Strasbourg,Monaco,7,Monaco,Strasbourg,200,12000,87,46,26,17,6,17,21,25,16,17,10,15,1,1,17
22-23 PROA,2022-10-30:Strasbourg-Monaco,Strasbourg,Monaco,7,Strasbourg,Monaco,200,12000,75,30,14,29,12,11,12,15,8,18,10,15,1,1,25
22-23 PROA,2022-10-31:Lyon-Villeurbanne-Nancy,Lyon-Villeurbanne,Nancy,7,Lyon-Villeurbanne,Nancy,200,12000,80,35,19,22,9,15,22,24,10,18,5,17,2,0,21
22-23 PROA,2022-10-31:Lyon-Villeurbanne-Nancy,Lyon-Villeurbanne,Nancy,7,Nancy,Lyon-Villeurbanne,200,12000,64,39,18,20,6,10,17,22,12,15,9,17,0,2,24
22-23 PROA,2022-11-04:Le Portel-Nanterre,Le Portel,Nanterre,8,Le Portel,Nanterre,200,12000,77,45,24,20,5,14,19,28,15,23,7,10,3,1,15
22-23 PROA,2022-11-04:Le Portel-Nanterre,Le Portel,Nanterre,8,Nanterre,Le Portel,200,12000,66,40,22,26,5,7,9,22,11,13,4,10,1,3,14
22-23 PROA,2022-11-04:Gravelines-Dunkerque-Blois,Gravelines-Dunkerque,Blois,8,Blois,Gravelines-Dunkerque,200,12000,101,38,25,24,13,12,14,25,8,21,9,12,8,3,20
22-23 PROA,2022-11-04:Gravelines-Dunkerque-Blois,Gravelines-Dunkerque,Blois,8,Gravelines-Dunkerque,Blois,200,12000,88,38,20,32,12,12,13,17,12,22,5,10,3,8,19
22-23 PROA,2022-11-04:Boulogne-Levallois-Limoges,Boulogne-Levallois,Limoges,8,Boulogne-Levallois,Limoges,200,12000,78,38,19,21,7,19,24,26,13,17,8,11,4,2,19
22-23 PROA,2022-11-04:Boulogne-Levallois-Limoges,Boulogne-Levallois,Limoges,8,Limoges,Boulogne-Levallois,200,12000,69,30,18,25,6,15,25,21,9,16,8,13,2,4,22
22-23 PROA,2022-11-05:Cholet-Pau-Lacq-Orthez,Cholet,Pau-Lacq-Orthez,8,Cholet,Pau-Lacq-Orthez,200,12000,93,31,18,26,11,24,25,23,5,18,9,8,3,3,20
22-23 PROA,2022-11-05:Cholet-Pau-Lacq-Orthez,Cholet,Pau-Lacq-Orthez,8,Pau-Lacq-Orthez,Cholet,200,12000,83,36,20,21,8,19,21,23,6,21,7,12,3,3,24
22-23 PROA,2022-11-05:Nancy-Roanne,Nancy,Roanne,8,Nancy,Roanne,225,13500,103,46,25,25,10,23,31,32,12,20,5,19,8,6,27
22-23 PROA,2022-11-05:Nancy-Roanne,Nancy,Roanne,8,Roanne,Nancy,225,13500,102,53,26,30,10,20,30,28,15,23,9,10,6,9,24
22-23 PROA,2022-11-06:Bourg-en-Bresse-Strasbourg,Bourg-en-Bresse,Strasbourg,8,Bourg-en-Bresse,Strasbourg,200,12000,74,34,16,23,6,24,36,27,9,8,5,7,3,4,17
22-23 PROA,2022-11-06:Bourg-en-Bresse-Strasbourg,Bourg-en-Bresse,Strasbourg,8,Strasbourg,Bourg-en-Bresse,200,12000,69,37,17,24,7,14,20,27,13,13,4,11,4,3,29
22-23 PROA,2022-11-06:Monaco-Dijon,Monaco,Dijon,8,Dijon,Monaco,200,12000,95,38,29,23,8,13,17,27,7,23,4,13,0,3,27
22-23 PROA,2022-11-06:Monaco-Dijon,Monaco,Dijon,8,Monaco,Dijon,200,12000,84,40,18,16,7,27,34,19,6,19,6,10,3,0,17
22-23 PROA,2022-11-06:Lyon-Villeurbanne-Fos-sur-Mer,Lyon-Villeurbanne,Fos-sur-Mer,8,Fos-sur-Mer,Lyon-Villeurbanne,200,12000,65,35,19,13,3,18,20,24,10,12,6,27,1,1,16
22-23 PROA,2022-11-06:Lyon-Villeurbanne-Fos-sur-Mer,Lyon-Villeurbanne,Fos-sur-Mer,8,Lyon-Villeurbanne,Fos-sur-Mer,200,12000,94,47,28,19,10,8,13,16,7,19,15,10,1,1,21
22-23 PROA,2022-11-06:Paris-Le Mans,Paris,Le Mans,8,Le Mans,Paris,200,12000,88,48,19,32,13,11,15,26,12,18,7,8,0,8,20
22-23 PROA,2022-11-06:Paris-Le Mans,Paris,Le Mans,8,Paris,Le Mans,200,12000,104,46,25,29,13,15,21,35,15,27,6,10,8,0,18
22-23 PROA,2022-11-18:Blois-Cholet,Blois,Cholet,9,Blois,Cholet,200,12000,74,42,23,21,6,10,11,26,10,16,8,12,2,4,20
22-23 PROA,2022-11-18:Blois-Cholet,Blois,Cholet,9,Cholet,Blois,200,12000,79,33,19,30,9,14,18,25,11,18,4,10,4,2,18
22-23 PROA,2022-11-18:Le Portel-Nancy,Le Portel,Nancy,9,Le Portel,Nancy,200,12000,80,51,28,26,5,9,11,29,15,17,4,9,2,3,18
22-23 PROA,2022-11-18:Le Portel-Nancy,Le Portel,Nancy,9,Nancy,Le Portel,200,12000,84,37,24,24,7,15,21,27,5,22,6,11,3,2,15
22-23 PROA,2022-11-19:Le Mans-Bourg-en-Bresse,Le Mans,Bourg-en-Bresse,9,Bourg-en-Bresse,Le Mans,200,12000,90,45,21,22,9,21,27,23,10,17,4,5,4,2,27
22-23 PROA,2022-11-19:Le Mans-Bourg-en-Bresse,Le Mans,Bourg-en-Bresse,9,Le Mans,Bourg-en-Bresse,200,12000,87,38,21,22,7,24,31,28,11,15,1,11,3,3,26
22-23 PROA,2022-11-19:Dijon-Lyon-Villeurbanne,Dijon,Lyon-Villeurbanne,9,Dijon,Lyon-Villeurbanne,200,12000,95,29,18,27,11,26,33,17,7,20,12,12,3,1,26
22-23 PROA,2022-11-19:Dijon-Lyon-Villeurbanne,Dijon,Lyon-Villeurbanne,9,Lyon-Villeurbanne,Dijon,200,12000,90,29,19,22,9,25,29,21,6,8,6,18,1,3,23
22-23 PROA,2022-11-19:Pau-Lacq-Orthez-Gravelines-Dunkerque,Pau-Lacq-Orthez,Gravelines-Dunkerque,9,Gravelines-Dunkerque,Pau-Lacq-Orthez,200,12000,80,37,17,27,11,13,17,23,9,16,12,14,2,2,27
22-23 PROA,2022-11-19:Pau-Lacq-Orthez-Gravelines-Dunkerque,Pau-Lacq-Orthez,Gravelines-Dunkerque,9,Pau-Lacq-Orthez,Gravelines-Dunkerque,200,12000,91,34,21,25,9,22,26,27,8,16,7,13,2,2,17
22-23 PROA,2022-11-19:Strasbourg-Fos-sur-Mer,Strasbourg,Fos-sur-Mer,9,Fos-sur-Mer,Strasbourg,200,12000,76,34,14,30,9,21,33,28,18,17,5,19,1,7,24
22-23 PROA,2022-11-19:Strasbourg-Fos-sur-Mer,Strasbourg,Fos-sur-Mer,9,Strasbourg,Fos-sur-Mer,200,12000,80,39,20,23,6,22,27,26,8,16,6,13,6,1,29
22-23 PROA,2022-11-20:Roanne-Paris,Roanne,Paris,9,Paris,Roanne,200,12000,115,44,24,28,15,22,28,22,16,25,3,14,3,5,25
22-23 PROA,2022-11-20:Roanne-Paris,Roanne,Paris,9,Roanne,Paris,200,12000,110,43,23,30,12,28,36,21,17,23,9,8,5,3,23
22-23 PROA,2022-11-20:Monaco-Limoges,Monaco,Limoges,9,Limoges,Monaco,200,12000,84,35,22,24,8,16,20,29,5,17,7,9,2,2,22
22-23 PROA,2022-11-20:Monaco-Limoges,Monaco,Limoges,9,Monaco,Limoges,200,12000,80,28,13,33,13,15,23,25,10,25,3,10,2,2,18
22-23 PROA,2022-11-20:Boulogne-Levallois-Nanterre,Boulogne-Levallois,Nanterre,9,Boulogne-Levallois,Nanterre,200,12000,92,33,24,20,8,20,29,32,0,16,6,16,6,0,17
22-23 PROA,2022-11-20:Boulogne-Levallois-Nanterre,Boulogne-Levallois,Nanterre,9,Nanterre,Boulogne-Levallois,200,12000,85,38,18,31,12,13,22,26,11,14,9,11,0,6,21
22-23 PROA,2022-11-26:Fos-sur-Mer-Roanne,Fos-sur-Mer,Roanne,10,Fos-sur-Mer,Roanne,225,13500,83,42,22,25,8,15,16,26,13,22,10,21,7,7,22
22-23 PROA,2022-11-26:Fos-sur-Mer-Roanne,Fos-sur-Mer,Roanne,10,Roanne,Fos-sur-Mer,225,13500,87,33,16,29,13,16,30,23,11,18,11,19,7,7,17
22-23 PROA,2022-11-26:Cholet-Gravelines-Dunkerque,Cholet,Gravelines-Dunkerque,10,Cholet,Gravelines-Dunkerque,200,12000,76,26,15,26,8,22,28,37,7,19,7,16,2,1,14
22-23 PROA,2022-11-26:Cholet-Gravelines-Dunkerque,Cholet,Gravelines-Dunkerque,10,Gravelines-Dunkerque,Cholet,200,12000,64,36,14,26,9,9,16,24,7,15,10,11,1,2,25
22-23 PROA,2022-11-26:Nanterre-Strasbourg,Nanterre,Strasbourg,10,Nanterre,Strasbourg,200,12000,71,26,9,21,8,29,33,24,11,14,6,17,2,1,20
22-23 PROA,2022-11-26:Nanterre-Strasbourg,Nanterre,Strasbourg,10,Strasbourg,Nanterre,200,12000,81,40,19,31,10,13,19,17,21,21,6,8,1,2,26
22-23 PROA,2022-11-26:Nancy-Boulogne-Levallois,Nancy,Boulogne-Levallois,10,Boulogne-Levallois,Nancy,200,12000,92,39,25,24,9,15,22,30,6,17,5,7,3,0,17
22-23 PROA,2022-11-26:Nancy-Boulogne-Levallois,Nancy,Boulogne-Levallois,10,Nancy,Boulogne-Levallois,200,12000,78,37,20,36,9,11,15,25,17,23,3,11,0,4,22
22-23 PROA,2022-11-26:Blois-Bourg-en-Bresse,Blois,Bourg-en-Bresse,10,Blois,Bourg-en-Bresse,225,13500,96,45,23,26,10,20,30,26,11,21,9,10,4,6,21
22-23 PROA,2022-11-26:Blois-Bourg-en-Bresse,Blois,Bourg-en-Bresse,10,Bourg-en-Bresse,Blois,225,13500,98,41,28,28,9,15,22,30,10,24,2,14,6,4,30
22-23 PROA,2022-11-27:Limoges-Dijon,Limoges,Dijon,10,Dijon,Limoges,200,12000,77,38,21,24,7,14,23,20,12,17,5,9,2,5,25
22-23 PROA,2022-11-27:Limoges-Dijon,Limoges,Dijon,10,Limoges,Dijon,200,12000,81,38,20,17,9,14,19,23,6,23,5,13,5,2,23
22-23 PROA,2022-11-27:Paris-Le Portel,Paris,Le Portel,10,Le Portel,Paris,200,12000,77,54,23,20,9,4,6,26,13,15,4,11,2,6,24
22-23 PROA,2022-11-27:Paris-Le Portel,Paris,Le Portel,10,Paris,Le Portel,200,12000,85,37,21,22,8,19,30,29,8,26,5,11,6,2,11
22-23 PROA,2022-11-27:Lyon-Villeurbanne-Pau-Lacq-Orthez,Lyon-Villeurbanne,Pau-Lacq-Orthez,10,Lyon-Villeurbanne,Pau-Lacq-Orthez,200,12000,91,41,28,24,7,14,18,26,17,17,4,12,2,4,15
22-23 PROA,2022-11-27:Lyon-Villeurbanne-Pau-Lacq-Orthez,Lyon-Villeurbanne,Pau-Lacq-Orthez,10,Pau-Lacq-Orthez,Lyon-Villeurbanne,200,12000,79,46,27,20,7,4,7,14,8,17,8,9,4,2,18
22-23 PROA,2022-11-29:Le Mans-Monaco,Le Mans,Monaco,10,Le Mans,Monaco,200,12000,81,33,21,22,8,15,19,19,7,17,5,21,5,1,24
22-23 PROA,2022-11-29:Le Mans-Monaco,Le Mans,Monaco,10,Monaco,Le Mans,200,12000,90,39,21,19,10,18,23,20,8,16,10,14,1,5,24
22-23 PROA,2022-12-02:Gravelines-Dunkerque-Le Mans,Gravelines-Dunkerque,Le Mans,11,Gravelines-Dunkerque,Le Mans,200,12000,82,44,21,14,6,22,23,24,11,18,9,14,2,2,20
22-23 PROA,2022-12-02:Gravelines-Dunkerque-Le Mans,Gravelines-Dunkerque,Le Mans,11,Le Mans,Gravelines-Dunkerque,200,12000,74,36,18,27,9,11,14,20,11,17,9,14,2,2,21
22-23 PROA,2022-12-02:Strasbourg-Le Portel,Strasbourg,Le Portel,11,Le Portel,Strasbourg,200,12000,74,33,16,17,7,21,29,22,9,13,7,20,2,3,18
22-23 PROA,2022-12-02:Strasbourg-Le Portel,Strasbourg,Le Portel,11,Strasbourg,Le Portel,200,12000,80,42,27,25,6,8,13,23,13,16,10,13,2,2,22
22-23 PROA,2022-12-02:Roanne-Cholet,Roanne,Cholet,11,Cholet,Roanne,200,12000,72,44,20,29,7,11,13,26,16,15,9,19,0,7,18
22-23 PROA,2022-12-02:Roanne-Cholet,Roanne,Cholet,11,Roanne,Cholet,200,12000,98,37,21,28,14,14,19,31,6,25,14,15,7,0,16
22-23 PROA,2022-12-02:Boulogne-Levallois-Fos-sur-Mer,Boulogne-Levallois,Fos-sur-Mer,11,Boulogne-Levallois,Fos-sur-Mer,202.93,12176,96,45,27,25,8,18,22,28,16,23,5,15,5,1,13
22-23 PROA,2022-12-02:Boulogne-Levallois-Fos-sur-Mer,Boulogne-Levallois,Fos-sur-Mer,11,Fos-sur-Mer,Boulogne-Levallois,200,12000,85,52,30,33,7,4,7,18,20,20,9,14,1,7,24
22-23 PROA,2022-12-03:Bourg-en-Bresse-Nancy,Bourg-en-Bresse,Nancy,11,Bourg-en-Bresse,Nancy,200,12000,89,48,25,26,9,12,16,20,12,20,10,14,0,2,21
22-23 PROA,2022-12-03:Bourg-en-Bresse-Nancy,Bourg-en-Bresse,Nancy,11,Nancy,Bourg-en-Bresse,200,12000,83,34,19,18,10,15,18,29,3,18,7,22,1,0,20
22-23 PROA,2022-12-03:Paris-Dijon,Paris,Dijon,11,Dijon,Paris,200,12000,95,50,28,26,12,3,6,23,13,26,11,10,3,4,23
22-23 PROA,2022-12-03:Paris-Dijon,Paris,Dijon,11,Paris,Dijon,200,12000,85,37,22,25,9,14,21,24,13,22,6,18,3,4,13
22-23 PROA,2022-12-03:Limoges-Lyon-Villeurbanne,Limoges,Lyon-Villeurbanne,11,Limoges,Lyon-Villeurbanne,200,12000,82,36,22,19,5,23,30,25,9,13,8,13,3,2,16
22-23 PROA,2022-12-03:Limoges-Lyon-Villeurbanne,Limoges,Lyon-Villeurbanne,11,Lyon-Villeurbanne,Limoges,200,12000,71,29,16,34,10,9,10,21,13,17,8,16,2,3,27
22-23 PROA,2022-12-04:Monaco-Blois,Monaco,Blois,11,Blois,Monaco,200,12000,70,35,15,21,8,16,23,22,10,15,6,13,3,3,22
22-23 PROA,2022-12-04:Monaco-Blois,Monaco,Blois,11,Monaco,Blois,200,12000,88,38,20,22,11,15,16,24,8,20,5,11,3,3,22
22-23 PROA,2022-12-04:Pau-Lacq-Orthez-Nanterre,Pau-Lacq-Orthez,Nanterre,11,Nanterre,Pau-Lacq-Orthez,200,12000,80,38,20,26,9,13,15,22,12,15,8,11,1,1,20
22-23 PROA,2022-12-04:Pau-Lacq-Orthez-Nanterre,Pau-Lacq-Orthez,Nanterre,11,Pau-Lacq-Orthez,Nanterre,200,12000,71,37,25,20,4,9,11,22,8,17,6,17,1,1,20
22-23 PROA,2022-12-06:Cholet-Fos-sur-Mer,Cholet,Fos-sur-Mer,2,Cholet,Fos-sur-Mer,200,12000,73,37,18,29,8,13,21,23,14,15,5,6,3,5,18
22-23 PROA,2022-12-06:Cholet-Fos-sur-Mer,Cholet,Fos-sur-Mer,2,Fos-sur-Mer,Cholet,200,12000,70,35,18,21,6,16,22,30,13,16,1,11,5,4,19
22-23 PROA,2022-12-06:Monaco-Lyon-Villeurbanne,Monaco,Lyon-Villeurbanne,14,Lyon-Villeurbanne,Monaco,200,12000,78,37,21,22,8,12,15,23,11,11,4,20,3,2,27
22-23 PROA,2022-12-06:Monaco-Lyon-Villeurbanne,Monaco,Lyon-Villeurbanne,14,Monaco,Lyon-Villeurbanne,200,12000,97,48,30,19,6,19,22,21,8,21,11,8,2,3,22
22-23 PROA,2022-12-06:Roanne-Boulogne-Levallois,Roanne,Boulogne-Levallois,4,Boulogne-Levallois,Roanne,200,12000,77,43,23,21,7,10,19,26,11,12,3,17,3,7,18
22-23 PROA,2022-12-06:Roanne-Boulogne-Levallois,Roanne,Boulogne-Levallois,4,Roanne,Boulogne-Levallois,200,12000,102,34,20,40,13,23,29,27,17,22,11,9,7,3,22
22-23 PROA,2022-12-09:Gravelines-Dunkerque-Limoges,Gravelines-Dunkerque,Limoges,12,Gravelines-Dunkerque,Limoges,200,12000,62,35,12,19,7,17,22,23,10,19,6,12,2,2,24
22-23 PROA,2022-12-09:Gravelines-Dunkerque-Limoges,Gravelines-Dunkerque,Limoges,12,Limoges,Gravelines-Dunkerque,200,12000,50,31,12,20,3,17,20,27,13,11,5,16,2,2,20
22-23 PROA,2022-12-09:Fos-sur-Mer-Pau-Lacq-Orthez,Fos-sur-Mer,Pau-Lacq-Orthez,12,Fos-sur-Mer,Pau-Lacq-Orthez,200,12000,83,39,21,22,7,20,31,26,13,15,8,14,1,2,17
22-23 PROA,2022-12-09:Fos-sur-Mer-Pau-Lacq-Orthez,Fos-sur-Mer,Pau-Lacq-Orthez,12,Pau-Lacq-Orthez,Fos-sur-Mer,200,12000,75,35,16,29,12,7,8,23,10,16,7,17,2,1,22
22-23 PROA,2022-12-09:Le Portel-Cholet,Le Portel,Cholet,12,Cholet,Le Portel,200,12000,71,34,16,24,8,15,26,22,13,18,2,13,2,2,20
22-23 PROA,2022-12-09:Le Portel-Cholet,Le Portel,Cholet,12,Le Portel,Cholet,200,12000,86,35,24,28,9,11,17,27,8,20,6,9,2,2,21
22-23 PROA,2022-12-09:Dijon-Roanne,Dijon,Roanne,12,Dijon,Roanne,200,12000,101,31,20,28,11,28,33,18,10,14,11,15,2,0,22
22-23 PROA,2022-12-09:Dijon-Roanne,Dijon,Roanne,12,Roanne,Dijon,200,12000,96,32,19,24,14,16,19,21,4,17,9,19,0,2,25
22-23 PROA,2022-12-10:Le Mans-Strasbourg,Le Mans,Strasbourg,12,Le Mans,Strasbourg,200,12000,74,44,21,18,4,20,26,29,16,16,5,19,4,2,20
22-23 PROA,2022-12-10:Le Mans-Strasbourg,Le Mans,Strasbourg,12,Strasbourg,Le Mans,200,12000,78,42,21,27,7,15,18,21,12,15,7,11,2,3,26
22-23 PROA,2022-12-10:Nanterre-Bourg-en-Bresse,Nanterre,Bourg-en-Bresse,12,Bourg-en-Bresse,Nanterre,200,12000,85,36,22,20,9,14,19,16,10,19,8,14,3,4,16
22-23 PROA,2022-12-10:Nanterre-Bourg-en-Bresse,Nanterre,Bourg-en-Bresse,12,Nanterre,Bourg-en-Bresse,200,12000,84,29,17,23,13,11,11,18,5,25,6,17,4,3,22
22-23 PROA,2022-12-10:Nancy-Blois,Nancy,Blois,12,Blois,Nancy,200,12000,75,44,28,19,3,10,14,20,4,19,6,14,0,2,22
22-23 PROA,2022-12-10:Nancy-Blois,Nancy,Blois,12,Nancy,Blois,200,12000,97,41,22,21,10,23,25,30,10,25,8,14,2,0,18
22-23 PROA,2022-12-11:Lyon-Villeurbanne-Paris,Lyon-Villeurbanne,Paris,12,Lyon-Villeurbanne,Paris,200,12000,94,42,23,28,11,15,22,30,15,20,11,12,6,2,22
22-23 PROA,2022-12-11:Lyon-Villeurbanne-Paris,Lyon-Villeurbanne,Paris,12,Paris,Lyon-Villeurbanne,200,12000,60,36,17,22,5,11,20,26,10,7,8,20,2,6,24
22-23 PROA,2022-12-11:Boulogne-Levallois-Monaco,Boulogne-Levallois,Monaco,12,Boulogne-Levallois,Monaco,225,13500,82,44,23,22,6,18,21,31,9,19,11,20,1,2,24
22-23 PROA,2022-12-11:Boulogne-Levallois-Monaco,Boulogne-Levallois,Monaco,12,Monaco,Boulogne-Levallois,225,13500,95,46,24,29,9,20,24,30,12,21,10,14,2,1,19
22-23 PROA,2022-12-16:Fos-sur-Mer-Nancy,Fos-sur-Mer,Nancy,13,Fos-sur-Mer,Nancy,200,12000,89,52,27,15,7,14,22,37,13,25,10,13,4,4,14
22-23 PROA,2022-12-16:Fos-sur-Mer-Nancy,Fos-sur-Mer,Nancy,13,Nancy,Fos-sur-Mer,201.25,12075,53,23,12,39,7,8,11,23,7,13,5,16,4,4,19
22-23 PROA,2022-12-17:Paris-Boulogne-Levallois,Paris,Boulogne-Levallois,13,Boulogne-Levallois,Paris,200,12000,91,49,25,31,8,17,21,36,16,18,14,7,7,3,16
22-23 PROA,2022-12-17:Paris-Boulogne-Levallois,Paris,Boulogne-Levallois,13,Paris,Boulogne-Levallois,200,12000,71,32,17,34,10,7,14,33,8,16,2,19,3,7,24
22-23 PROA,2022-12-17:Blois-Nanterre,Blois,Nanterre,13,Blois,Nanterre,200,12000,71,35,15,19,7,20,25,28,10,17,8,16,3,3,19
22-23 PROA,2022-12-17:Blois-Nanterre,Blois,Nanterre,13,Nanterre,Blois,200,12000,73,34,18,27,8,13,17,24,11,16,3,16,2,3,24
22-23 PROA,2022-12-17:Bourg-en-Bresse-Gravelines-Dunkerque,Bourg-en-Bresse,Gravelines-Dunkerque,13,Bourg-en-Bresse,Gravelines-Dunkerque,200,12000,90,28,22,29,12,10,14,22,6,26,3,9,1,1,19
22-23 PROA,2022-12-17:Bourg-en-Bresse-Gravelines-Dunkerque,Bourg-en-Bresse,Gravelines-Dunkerque,13,Gravelines-Dunkerque,Bourg-en-Bresse,199.15,11949,81,39,19,20,10,13,15,18,8,18,3,8,1,1,16
22-23 PROA,2022-12-17:Cholet-Dijon,Cholet,Dijon,13,Cholet,Dijon,278.92,16735,107,31,23,24,12,25,30,28,5,24,11,14,5,1,18
22-23 PROA,2022-12-17:Cholet-Dijon,Cholet,Dijon,13,Dijon,Cholet,281.55,16893,79,37,15,27,12,13,15,16,9,13,5,17,1,6,31
22-23 PROA,2022-12-17:Pau-Lacq-Orthez-Le Mans,Pau-Lacq-Orthez,Le Mans,13,Le Mans,Pau-Lacq-Orthez,200,12000,85,44,27,16,5,16,16,13,8,23,11,16,0,2,20
22-23 PROA,2022-12-17:Pau-Lacq-Orthez-Le Mans,Pau-Lacq-Orthez,Le Mans,13,Pau-Lacq-Orthez,Le Mans,200,12000,89,37,25,20,8,15,18,20,10,23,8,21,3,0,16
22-23 PROA,2022-12-18:Strasbourg-Lyon-Villeurbanne,Strasbourg,Lyon-Villeurbanne,13,Lyon-Villeurbanne,Strasbourg,200,12000,83,31,18,21,8,23,31,25,10,18,7,13,5,2,16
22-23 PROA,2022-12-18:Strasbourg-Lyon-Villeurbanne,Strasbourg,Lyon-Villeurbanne,13,Strasbourg,Lyon-Villeurbanne,200,12000,67,46,20,18,6,9,10,17,12,15,4,11,2,6,28
22-23 PROA,2022-12-18:Le Portel-Monaco,Le Portel,Monaco,13,Le Portel,Monaco,200,12000,89,37,23,19,6,25,29,35,9,18,7,21,2,0,26
22-23 PROA,2022-12-18:Le Portel-Monaco,Le Portel,Monaco,13,Monaco,Le Portel,200,12000,81,41,20,32,7,20,29,18,15,12,7,9,0,2,25
22-23 PROA,2022-12-23:Nancy-Paris,Nancy,Paris,14,Nancy,Paris,200,12000,83,45,22,18,6,21,26,24,11,21,9,16,2,1,16
22-23 PROA,2022-12-23:Nancy-Paris,Nancy,Paris,14,Paris,Nancy,200,12000,87,39,25,30,9,10,14,27,10,15,10,16,1,2,24
22-23 PROA,2022-12-23:Gravelines-Dunkerque-Fos-sur-Mer,Gravelines-Dunkerque,Fos-sur-Mer,14,Fos-sur-Mer,Gravelines-Dunkerque,200,12000,58,25,12,20,8,10,14,25,7,14,3,26,2,2,17
22-23 PROA,2022-12-23:Gravelines-Dunkerque-Fos-sur-Mer,Gravelines-Dunkerque,Fos-sur-Mer,14,Gravelines-Dunkerque,Fos-sur-Mer,200,12000,83,46,27,16,5,14,15,20,6,20,9,6,2,2,20
22-23 PROA,2022-12-23:Roanne-Pau-Lacq-Orthez,Roanne,Pau-Lacq-Orthez,14,Pau-Lacq-Orthez,Roanne,200,12000,94,43,25,28,12,8,9,34,14,24,5,14,2,8,17
22-23 PROA,2022-12-23:Roanne-Pau-Lacq-Orthez,Roanne,Pau-Lacq-Orthez,14,Roanne,Pau-Lacq-Orthez,200,12000,75,37,21,30,7,12,20,19,9,20,8,9,8,2,16
22-23 PROA,2022-12-23:Nanterre-Le Mans,Nanterre,Le Mans,14,Le Mans,Nanterre,200,12000,85,47,17,26,13,12,16,29,22,18,6,17,3,9,18
22-23 PROA,2022-12-23:Nanterre-Le Mans,Nanterre,Le Mans,14,Nanterre,Le Mans,200,12000,74,36,20,23,7,13,22,21,8,20,10,11,9,3,20
22-23 PROA,2022-12-23:Blois-Strasbourg,Blois,Strasbourg,14,Blois,Strasbourg,200,12000,74,42,20,9,3,25,39,21,9,16,9,13,6,1,22
22-23 PROA,2022-12-23:Blois-Strasbourg,Blois,Strasbourg,14,Strasbourg,Blois,200,12000,79,39,20,29,7,18,20,25,21,16,5,15,1,6,27
22-23 PROA,2022-12-23:Limoges-Le Portel,Limoges,Le Portel,14,Le Portel,Limoges,200,12000,79,39,17,25,11,12,16,23,18,20,6,13,4,6,20
22-23 PROA,2022-12-23:Limoges-Le Portel,Limoges,Le Portel,14,Limoges,Le Portel,200,12000,81,44,22,24,7,16,23,19,18,16,7,8,6,5,17
22-23 PROA,2022-12-23:Dijon-Bourg-en-Bresse,Dijon,Bourg-en-Bresse,14,Bourg-en-Bresse,Dijon,200,12000,83,39,25,20,5,18,25,23,6,17,3,12,4,1,20
22-23 PROA,2022-12-23:Dijon-Bourg-en-Bresse,Dijon,Bourg-en-Bresse,14,Dijon,Bourg-en-Bresse,200,12000,90,41,24,29,9,15,19,23,16,18,6,9,1,4,20
22-23 PROA,2022-12-23:Boulogne-Levallois-Cholet,Boulogne-Levallois,Cholet,14,Boulogne-Levallois,Cholet,200,12000,92,37,15,25,12,26,30,28,11,17,8,11,4,0,17
22-23 PROA,2022-12-23:Boulogne-Levallois-Cholet,Boulogne-Levallois,Cholet,14,Cholet,Boulogne-Levallois,200,12000,87,28,15,41,16,9,16,22,14,22,4,14,0,4,21
22-23 PROA,2022-12-26:Strasbourg-Boulogne-Levallois,Strasbourg,Boulogne-Levallois,15,Boulogne-Levallois,Strasbourg,200,12000,81,37,18,23,6,27,28,26,8,14,11,14,4,4,18
22-23 PROA,2022-12-26:Strasbourg-Boulogne-Levallois,Strasbourg,Boulogne-Levallois,15,Strasbourg,Boulogne-Levallois,200,12000,84,38,24,26,9,9,15,27,9,21,4,18,3,5,23
22-23 PROA,2022-12-27:Fos-sur-Mer-Monaco,Fos-sur-Mer,Monaco,15,Fos-sur-Mer,Monaco,200,12000,53,34,15,23,7,2,4,20,9,7,5,21,2,0,24
22-23 PROA,2022-12-27:Fos-sur-Mer-Monaco,Fos-sur-Mer,Monaco,15,Monaco,Fos-sur-Mer,200,12000,97,38,25,27,10,17,22,25,14,18,8,12,1,2,17
22-23 PROA,2022-12-27:Pau-Lacq-Orthez-Dijon,Pau-Lacq-Orthez,Dijon,15,Dijon,Pau-Lacq-Orthez,200,12000,64,43,17,26,7,9,11,20,14,12,11,14,1,0,20
22-23 PROA,2022-12-27:Pau-Lacq-Orthez-Dijon,Pau-Lacq-Orthez,Dijon,15,Pau-Lacq-Orthez,Dijon,200,12000,76,36,25,21,5,11,13,30,7,15,6,17,0,1,14
22-23 PROA,2022-12-27:Cholet-Limoges,Cholet,Limoges,15,Cholet,Limoges,200,12000,81,26,14,32,13,14,15,22,10,21,3,11,1,0,18
22-23 PROA,2022-12-27:Cholet-Limoges,Cholet,Limoges,15,Limoges,Cholet,200,12000,74,38,21,22,7,11,17,21,11,14,6,10,0,1,19
22-23 PROA,2022-12-27:Paris-Gravelines-Dunkerque,Paris,Gravelines-Dunkerque,15,Gravelines-Dunkerque,Paris,200,12000,96,40,25,25,11,13,14,22,7,23,6,11,2,2,24
22-23 PROA,2022-12-27:Paris-Gravelines-Dunkerque,Paris,Gravelines-Dunkerque,15,Paris,Gravelines-Dunkerque,200,12000,98,36,21,26,11,23,29,22,10,27,4,15,2,3,17
22-23 PROA,2022-12-27:Lyon-Villeurbanne-Nanterre,Lyon-Villeurbanne,Nanterre,15,Lyon-Villeurbanne,Nanterre,200,12000,88,28,20,28,9,21,28,23,7,20,6,15,5,2,19
22-23 PROA,2022-12-27:Lyon-Villeurbanne-Nanterre,Lyon-Villeurbanne,Nanterre,15,Nanterre,Lyon-Villeurbanne,200,12000,73,36,19,19,8,11,14,24,5,16,9,16,2,5,22
22-23 PROA,2022-12-27:Le Portel-Blois,Le Portel,Blois,15,Blois,Le Portel,200,12000,74,31,17,24,11,7,10,25,9,22,7,23,4,0,18
22-23 PROA,2022-12-27:Le Portel-Blois,Le Portel,Blois,15,Le Portel,Blois,200,12000,88,41,21,30,10,16,18,17,12,23,12,11,0,5,15
22-23 PROA,2022-12-27:Le Mans-Nancy,Le Mans,Nancy,15,Le Mans,Nancy,200,12000,96,48,24,26,10,18,20,27,16,29,10,15,0,2,24
22-23 PROA,2022-12-27:Le Mans-Nancy,Le Mans,Nancy,15,Nancy,Le Mans,200,12000,82,35,22,20,5,23,27,24,4,18,10,20,2,0,21
22-23 PROA,2022-12-27:Bourg-en-Bresse-Roanne,Bourg-en-Bresse,Roanne,15,Bourg-en-Bresse,Roanne,225,13500,100,48,26,27,10,18,22,35,12,21,7,20,10,4,23
22-23 PROA,2022-12-27:Bourg-en-Bresse-Roanne,Bourg-en-Bresse,Roanne,15,Roanne,Bourg-en-Bresse,225,13500,102,55,27,28,10,18,26,27,14,20,15,13,4,8,20
22-23 PROA,2023-01-05:Roanne-Limoges,Roanne,Limoges,13,Limoges,Roanne,200,12000,87,41,21,21,9,18,19,24,13,12,10,18,0,6,23
22-23 PROA,2023-01-05:Roanne-Limoges,Roanne,Limoges,13,Roanne,Limoges,200,12000,88,39,23,26,8,18,24,19,14,20,13,14,5,0,20
22-23 PROA,2023-01-06:Fos-sur-Mer-Paris,Fos-sur-Mer,Paris,16,Fos-sur-Mer,Paris,200,12000,65,50,22,19,4,9,13,28,13,13,8,17,1,6,20
22-23 PROA,2023-01-06:Fos-sur-Mer-Paris,Fos-sur-Mer,Paris,16,Paris,Fos-sur-Mer,200,12000,72,33,17,26,7,17,23,31,9,14,10,20,5,1,18
22-23 PROA,2023-01-07:Dijon-Nancy,Dijon,Nancy,16,Dijon,Nancy,200,12000,90,44,28,24,9,7,12,21,10,21,5,12,4,0,18
22-23 PROA,2023-01-07:Dijon-Nancy,Dijon,Nancy,16,Nancy,Dijon,200,12000,84,35,20,19,8,20,26,23,5,17,8,13,0,4,15
22-23 PROA,2023-01-07:Limoges-Bourg-en-Bresse,Limoges,Bourg-en-Bresse,16,Bourg-en-Bresse,Limoges,200,12000,68,37,14,25,10,10,17,25,10,15,5,14,3,7,23
22-23 PROA,2023-01-07:Limoges-Bourg-en-Bresse,Limoges,Bourg-en-Bresse,16,Limoges,Bourg-en-Bresse,200,12000,76,33,16,24,8,20,26,30,11,16,6,13,7,3,19
22-23 PROA,2023-01-07:Nanterre-Cholet,Nanterre,Cholet,16,Cholet,Nanterre,200,12000,84,37,24,26,8,12,16,28,10,23,5,10,0,1,13
22-23 PROA,2023-01-07:Nanterre-Cholet,Nanterre,Cholet,16,Nanterre,Cholet,200,12000,78,39,17,29,13,5,8,23,10,18,4,8,1,0,19
22-23 PROA,2023-01-07:Strasbourg-Roanne,Strasbourg,Roanne,16,Roanne,Strasbourg,200,12000,83,44,21,18,5,26,34,20,11,12,7,12,5,2,17
22-23 PROA,2023-01-07:Strasbourg-Roanne,Strasbourg,Roanne,16,Strasbourg,Roanne,200,12000,91,45,26,24,9,12,15,26,13,23,6,16,2,6,28
22-23 PROA,2023-01-08:Gravelines-Dunkerque-Le Portel,Gravelines-Dunkerque,Le Portel,16,Gravelines-Dunkerque,Le Portel,200,12000,79,45,24,18,5,16,17,27,9,23,4,11,5,3,18
22-23 PROA,2023-01-08:Gravelines-Dunkerque-Le Portel,Gravelines-Dunkerque,Le Portel,16,Le Portel,Gravelines-Dunkerque,200,12000,73,36,17,23,9,12,16,25,7,15,6,13,3,5,23
22-23 PROA,2023-01-08:Monaco-Pau-Lacq-Orthez,Monaco,Pau-Lacq-Orthez,16,Monaco,Pau-Lacq-Orthez,200,12000,83,43,25,25,7,12,20,20,16,16,10,16,1,4,20
22-23 PROA,2023-01-08:Monaco-Pau-Lacq-Orthez,Monaco,Pau-Lacq-Orthez,16,Pau-Lacq-Orthez,Monaco,200,12000,77,30,20,19,8,13,20,24,4,15,8,19,4,1,21
22-23 PROA,2023-01-08:Le Mans-Blois,Le Mans,Blois,16,Blois,Le Mans,200,12000,85,31,17,23,10,21,29,16,6,20,11,14,2,2,26
22-23 PROA,2023-01-08:Le Mans-Blois,Le Mans,Blois,16,Le Mans,Blois,200,12000,100,40,26,21,9,21,27,22,12,25,5,17,2,2,26
22-23 PROA,2023-01-09:Boulogne-Levallois-Lyon-Villeurbanne,Boulogne-Levallois,Lyon-Villeurbanne,16,Boulogne-Levallois,Lyon-Villeurbanne,200,12000,84,47,23,14,4,26,33,30,12,11,6,15,5,1,23
22-23 PROA,2023-01-09:Boulogne-Levallois-Lyon-Villeurbanne,Boulogne-Levallois,Lyon-Villeurbanne,16,Lyon-Villeurbanne,Boulogne-Levallois,200,12000,83,31,16,32,11,18,21,27,7,16,7,16,1,5,24
22-23 PROA,2023-01-13:Roanne-Le Portel,Roanne,Le Portel,17,Le Portel,Roanne,200,12000,68,45,23,21,6,4,6,29,16,14,6,22,3,5,22
22-23 PROA,2023-01-13:Roanne-Le Portel,Roanne,Le Portel,17,Roanne,Le Portel,200,12000,79,41,25,19,4,17,23,20,7,19,13,11,5,3,17
22-23 PROA,2023-01-14:Bourg-en-Bresse-Fos-sur-Mer,Bourg-en-Bresse,Fos-sur-Mer,17,Bourg-en-Bresse,Fos-sur-Mer,200,12000,69,31,12,23,9,18,25,23,6,15,6,10,3,2,23
22-23 PROA,2023-01-14:Bourg-en-Bresse-Fos-sur-Mer,Bourg-en-Bresse,Fos-sur-Mer,17,Fos-sur-Mer,Bourg-en-Bresse,200,12000,68,41,18,16,4,20,31,31,15,9,6,11,2,3,20
22-23 PROA,2023-01-14:Limoges-Nanterre,Limoges,Nanterre,17,Limoges,Nanterre,200,12000,93,40,21,31,13,12,16,23,13,23,2,8,1,3,26
22-23 PROA,2023-01-14:Limoges-Nanterre,Limoges,Nanterre,17,Nanterre,Limoges,200,12000,105,39,26,17,9,26,40,26,4,24,7,4,3,1,16
22-23 PROA,2023-01-14:Nancy-Gravelines-Dunkerque,Nancy,Gravelines-Dunkerque,17,Gravelines-Dunkerque,Nancy,200,12000,55,45,20,20,5,0,1,21,8,13,4,8,0,4,18
22-23 PROA,2023-01-14:Nancy-Gravelines-Dunkerque,Nancy,Gravelines-Dunkerque,17,Nancy,Gravelines-Dunkerque,200,12000,82,36,21,24,10,10,13,32,10,22,6,10,2,0,9
22-23 PROA,2023-01-15:Blois-Pau-Lacq-Orthez,Blois,Pau-Lacq-Orthez,17,Blois,Pau-Lacq-Orthez,200,12000,107,31,15,30,17,26,33,27,10,22,6,14,1,1,25
22-23 PROA,2023-01-15:Blois-Pau-Lacq-Orthez,Blois,Pau-Lacq-Orthez,17,Pau-Lacq-Orthez,Blois,200,12000,93,41,23,30,8,23,28,21,16,21,5,13,1,0,25
22-23 PROA,2023-01-15:Paris-Strasbourg,Paris,Strasbourg,17,Paris,Strasbourg,200,12000,115,37,24,33,16,19,20,33,10,21,9,14,5,3,21
22-23 PROA,2023-01-15:Paris-Strasbourg,Paris,Strasbourg,17,Strasbourg,Paris,200,12000,84,48,23,29,10,8,15,20,16,20,8,14,3,5,19
22-23 PROA,2023-01-15:Cholet-Monaco,Cholet,Monaco,17,Cholet,Monaco,200,12000,88,30,20,24,12,12,20,18,10,24,5,14,1,1,17
22-23 PROA,2023-01-15:Cholet-Monaco,Cholet,Monaco,17,Monaco,Cholet,200,12000,89,43,25,23,10,9,14,16,13,19,3,9,1,1,20
22-23 PROA,2023-01-15:Dijon-Boulogne-Levallois,Dijon,Boulogne-Levallois,17,Boulogne-Levallois,Dijon,200,12000,103,30,17,23,14,27,34,27,6,14,7,15,5,0,11
22-23 PROA,2023-01-15:Dijon-Boulogne-Levallois,Dijon,Boulogne-Levallois,17,Dijon,Boulogne-Levallois,200,12000,94,42,24,29,12,10,11,19,8,19,9,10,0,5,25
22-23 PROA,2023-01-16:Lyon-Villeurbanne-Le Mans,Lyon-Villeurbanne,Le Mans,17,Le Mans,Lyon-Villeurbanne,200,12000,95,47,26,19,9,16,21,22,11,18,12,16,1,3,26
22-23 PROA,2023-01-16:Lyon-Villeurbanne-Le Mans,Lyon-Villeurbanne,Le Mans,17,Lyon-Villeurbanne,Le Mans,200,12000,91,39,23,17,8,21,29,21,8,14,6,19,3,1,23
22-23 PROA,2023-01-18:Fos-sur-Mer-Boulogne-Levallois,Fos-sur-Mer,Boulogne-Levallois,18,Boulogne-Levallois,Fos-sur-Mer,200,12000,83,35,21,18,8,17,22,32,3,19,6,21,6,1,15
22-23 PROA,2023-01-18:Fos-sur-Mer-Boulogne-Levallois,Fos-sur-Mer,Boulogne-Levallois,18,Fos-sur-Mer,Boulogne-Levallois,200,12000,82,53,24,26,7,13,16,22,15,16,12,13,1,6,19
22-23 PROA,2023-01-20:Le Portel-Limoges,Le Portel,Limoges,18,Le Portel,Limoges,200.63,12038,84,42,22,20,8,16,20,29,11,20,7,11,5,3,19
22-23 PROA,2023-01-20:Le Portel-Limoges,Le Portel,Limoges,18,Limoges,Le Portel,200,12000,68,37,17,26,7,13,19,22,10,11,6,10,2,4,18
22-23 PROA,2023-01-21:Strasbourg-Le Mans,Strasbourg,Le Mans,18,Le Mans,Strasbourg,200,12000,89,47,25,16,6,21,28,20,13,16,12,21,2,1,26
22-23 PROA,2023-01-21:Strasbourg-Le Mans,Strasbourg,Le Mans,18,Strasbourg,Le Mans,200,12000,92,53,25,15,8,18,25,22,17,13,10,20,1,2,25
22-23 PROA,2023-01-21:Pau-Lacq-Orthez-Roanne,Pau-Lacq-Orthez,Roanne,18,Pau-Lacq-Orthez,Roanne,200,12000,77,33,14,28,12,13,18,29,6,18,6,16,4,9,17
22-23 PROA,2023-01-21:Pau-Lacq-Orthez-Roanne,Pau-Lacq-Orthez,Roanne,18,Roanne,Pau-Lacq-Orthez,200,12000,85,44,26,24,7,12,17,29,10,21,7,11,9,4,19
22-23 PROA,2023-01-21:Nanterre-Dijon,Nanterre,Dijon,18,Dijon,Nanterre,200,12000,88,43,24,23,8,16,19,25,12,21,10,8,4,5,16
22-23 PROA,2023-01-21:Nanterre-Dijon,Nanterre,Dijon,18,Nanterre,Dijon,200,12000,68,49,23,14,4,10,14,23,12,22,3,13,5,4,18
22-23 PROA,2023-01-21:Gravelines-Dunkerque-Bourg-en-Bresse,Gravelines-Dunkerque,Bourg-en-Bresse,18,Bourg-en-Bresse,Gravelines-Dunkerque,200,12000,69,33,19,29,7,10,11,27,13,17,2,11,0,4,20
22-23 PROA,2023-01-21:Gravelines-Dunkerque-Bourg-en-Bresse,Gravelines-Dunkerque,Bourg-en-Bresse,18,Gravelines-Dunkerque,Bourg-en-Bresse,200,12000,73,50,24,20,6,7,8,22,13,15,8,5,4,0,19
22-23 PROA,2023-01-21:Cholet-Blois,Cholet,Blois,18,Blois,Cholet,200,12000,82,37,24,26,7,13,17,21,9,17,15,18,3,2,18
22-23 PROA,2023-01-21:Cholet-Blois,Cholet,Blois,18,Cholet,Blois,200,12000,86,38,23,30,9,13,14,24,15,20,8,20,2,3,17
22-23 PROA,2023-01-22:Monaco-Nancy,Monaco,Nancy,18,Monaco,Nancy,200,12000,83,43,25,20,6,15,20,26,7,16,8,12,5,2,23
22-23 PROA,2023-01-22:Monaco-Nancy,Monaco,Nancy,18,Nancy,Monaco,200,12000,79,37,16,18,9,20,27,26,8,16,7,17,2,5,21
22-23 PROA,2023-01-22:Paris-Lyon-Villeurbanne,Paris,Lyon-Villeurbanne,18,Lyon-Villeurbanne,Paris,200,12000,86,41,23,24,9,13,21,27,10,17,6,12,4,5,22
22-23 PROA,2023-01-22:Paris-Lyon-Villeurbanne,Paris,Lyon-Villeurbanne,18,Paris,Lyon-Villeurbanne,200,12000,69,41,22,24,3,16,23,26,17,11,7,16,5,4,23
22-23 PROA,2023-01-27:Fos-sur-Mer-Blois,Fos-sur-Mer,Blois,19,Blois,Fos-sur-Mer,200,12000,73,42,19,13,6,17,18,17,4,17,5,9,1,3,23
22-23 PROA,2023-01-27:Fos-sur-Mer-Blois,Fos-sur-Mer,Blois,19,Fos-sur-Mer,Blois,200,12000,77,37,18,22,7,20,27,26,21,20,5,19,3,1,19
22-23 PROA,2023-01-27:Boulogne-Levallois-Roanne,Boulogne-Levallois,Roanne,19,Boulogne-Levallois,Roanne,200,12000,84,51,23,16,4,26,32,28,22,14,3,19,5,5,17
22-23 PROA,2023-01-27:Boulogne-Levallois-Roanne,Boulogne-Levallois,Roanne,19,Roanne,Boulogne-Levallois,200,12000,102,47,26,33,12,14,22,21,15,23,14,7,6,6,25
22-23 PROA,2023-01-28:Dijon-Paris,Dijon,Paris,19,Dijon,Paris,200,12000,99,44,29,25,8,17,17,30,6,13,7,12,0,4,23
22-23 PROA,2023-01-28:Dijon-Paris,Dijon,Paris,19,Paris,Dijon,200,12000,88,37,23,25,10,12,23,26,5,14,4,15,3,0,18
22-23 PROA,2023-01-28:Limoges-Gravelines-Dunkerque,Limoges,Gravelines-Dunkerque,19,Gravelines-Dunkerque,Limoges,200,12000,61,37,18,20,4,13,16,21,7,14,6,10,3,3,21
22-23 PROA,2023-01-28:Limoges-Gravelines-Dunkerque,Limoges,Gravelines-Dunkerque,19,Limoges,Gravelines-Dunkerque,200,12000,78,31,20,21,8,14,24,28,7,20,6,9,3,3,16
22-23 PROA,2023-01-28:Nancy-Cholet,Nancy,Cholet,19,Cholet,Nancy,200,12000,80,45,22,19,7,15,20,16,12,14,9,11,2,2,19
22-23 PROA,2023-01-28:Nancy-Cholet,Nancy,Cholet,19,Nancy,Cholet,200,12000,83,43,27,15,6,11,15,26,10,19,6,16,2,2,18
22-23 PROA,2023-01-28:Nanterre-Le Portel,Nanterre,Le Portel,19,Le Portel,Nanterre,200,12000,87,42,20,21,8,23,29,24,10,18,7,10,3,4,20
22-23 PROA,2023-01-28:Nanterre-Le Portel,Nanterre,Le Portel,19,Nanterre,Le Portel,200,12000,83,42,24,17,6,17,23,27,5,21,4,15,4,3,24
22-23 PROA,2023-01-28:Le Mans-Pau-Lacq-Orthez,Le Mans,Pau-Lacq-Orthez,19,Le Mans,Pau-Lacq-Orthez,200,12000,97,45,32,22,5,18,23,22,16,28,10,9,2,3,17
22-23 PROA,2023-01-28:Le Mans-Pau-Lacq-Orthez,Le Mans,Pau-Lacq-Orthez,19,Pau-Lacq-Orthez,Le Mans,200,12000,75,32,21,24,7,12,14,16,6,18,7,16,3,2,22
22-23 PROA,2023-01-29:Strasbourg-Bourg-en-Bresse,Strasbourg,Bourg-en-Bresse,19,Bourg-en-Bresse,Strasbourg,200,12000,80,34,20,30,10,10,13,20,8,17,5,14,4,4,23
22-23 PROA,2023-01-29:Strasbourg-Bourg-en-Bresse,Strasbourg,Bourg-en-Bresse,19,Strasbourg,Bourg-en-Bresse,200,12000,89,42,24,19,9,14,22,25,10,19,5,13,4,4,20
22-23 PROA,2023-01-29:Lyon-Villeurbanne-Monaco,Lyon-Villeurbanne,Monaco,19,Lyon-Villeurbanne,Monaco,200,12000,63,26,11,31,9,14,18,19,8,9,13,14,1,2,20
22-23 PROA,2023-01-29:Lyon-Villeurbanne-Monaco,Lyon-Villeurbanne,Monaco,19,Monaco,Lyon-Villeurbanne,200,12000,72,41,23,21,4,14,18,29,16,11,10,15,2,1,22
22-23 PROA,2023-02-03:Gravelines-Dunkerque-Nanterre,Gravelines-Dunkerque,Nanterre,20,Gravelines-Dunkerque,Nanterre,200,12000,93,41,19,31,16,7,8,26,7,22,9,4,3,3,20
22-23 PROA,2023-02-03:Gravelines-Dunkerque-Nanterre,Gravelines-Dunkerque,Nanterre,20,Nanterre,Gravelines-Dunkerque,200,12000,56,34,13,18,6,12,20,30,9,9,3,17,3,3,15
22-23 PROA,2023-02-03:Le Portel-Strasbourg,Le Portel,Strasbourg,20,Le Portel,Strasbourg,200,12000,82,40,22,20,7,17,22,32,11,20,7,15,7,2,17
22-23 PROA,2023-02-03:Le Portel-Strasbourg,Le Portel,Strasbourg,20,Strasbourg,Le Portel,200,12000,71,40,18,23,8,11,22,24,10,16,7,13,2,7,22
22-23 PROA,2023-02-03:Roanne-Nancy,Roanne,Nancy,20,Nancy,Roanne,200,12000,95,44,30,19,7,14,15,22,10,17,8,13,1,2,19
22-23 PROA,2023-02-03:Roanne-Nancy,Roanne,Nancy,20,Roanne,Nancy,200,12000,98,43,24,26,13,11,19,16,13,28,6,10,2,1,16
22-23 PROA,2023-02-04:Blois-Boulogne-Levallois,Blois,Boulogne-Levallois,20,Blois,Boulogne-Levallois,200,12000,78,39,20,26,10,8,8,26,6,16,14,16,3,4,14
22-23 PROA,2023-02-04:Blois-Boulogne-Levallois,Blois,Boulogne-Levallois,20,Boulogne-Levallois,Blois,209.37,12562,77,46,23,22,8,7,8,29,11,24,9,18,4,3,15
22-23 PROA,2023-02-04:Cholet-Le Mans,Cholet,Le Mans,20,Cholet,Le Mans,200,12000,83,41,21,21,6,23,31,15,13,22,10,16,3,5,19
22-23 PROA,2023-02-04:Cholet-Le Mans,Cholet,Le Mans,20,Le Mans,Cholet,200,12000,103,48,30,16,9,16,19,23,12,20,10,18,4,3,25
22-23 PROA,2023-02-04:Bourg-en-Bresse-Limoges,Bourg-en-Bresse,Limoges,20,Bourg-en-Bresse,Limoges,200,12000,98,28,19,22,12,24,29,23,6,18,9,11,1,0,25
22-23 PROA,2023-02-04:Bourg-en-Bresse-Limoges,Bourg-en-Bresse,Limoges,20,Limoges,Bourg-en-Bresse,200,12000,75,26,10,23,13,16,24,16,6,13,6,14,0,1,24
22-23 PROA,2023-02-04:Pau-Lacq-Orthez-Fos-sur-Mer,Pau-Lacq-Orthez,Fos-sur-Mer,20,Fos-sur-Mer,Pau-Lacq-Orthez,200,12000,63,34,20,26,5,8,11,24,12,16,6,18,4,2,18
22-23 PROA,2023-02-04:Pau-Lacq-Orthez-Fos-sur-Mer,Pau-Lacq-Orthez,Fos-sur-Mer,20,Pau-Lacq-Orthez,Fos-sur-Mer,200,12000,74,32,20,26,5,19,20,24,10,14,12,11,2,4,18
22-23 PROA,2023-02-05:Lyon-Villeurbanne-Dijon,Lyon-Villeurbanne,Dijon,20,Dijon,Lyon-Villeurbanne,200,12000,60,39,16,22,4,16,24,16,17,10,4,14,1,2,25
22-23 PROA,2023-02-05:Lyon-Villeurbanne-Dijon,Lyon-Villeurbanne,Dijon,20,Lyon-Villeurbanne,Dijon,200,12000,99,31,21,24,12,21,27,28,7,15,8,8,2,1,24
22-23 PROA,2023-02-05:Monaco-Paris,Monaco,Paris,20,Monaco,Paris,200,12000,103,48,26,25,10,21,25,27,14,21,10,10,6,5,21
22-23 PROA,2023-02-05:Monaco-Paris,Monaco,Paris,20,Paris,Monaco,200,12000,81,32,15,31,11,18,22,25,12,12,6,20,5,6,18
22-23 PROA,2023-02-10:Boulogne-Levallois-Dijon,Boulogne-Levallois,Dijon,21,Boulogne-Levallois,Dijon,200,12000,93,41,25,16,7,22,25,24,11,24,5,16,4,4,18
22-23 PROA,2023-02-10:Boulogne-Levallois-Dijon,Boulogne-Levallois,Dijon,21,Dijon,Boulogne-Levallois,200,12000,86,36,20,26,10,16,23,13,9,20,8,12,3,4,23
22-23 PROA,2023-02-10:Roanne-Fos-sur-Mer,Roanne,Fos-sur-Mer,21,Fos-sur-Mer,Roanne,225,13500,93,52,25,26,8,19,26,26,23,14,10,15,1,9,23
22-23 PROA,2023-02-10:Roanne-Fos-sur-Mer,Roanne,Fos-sur-Mer,21,Roanne,Fos-sur-Mer,225,13500,89,36,23,31,8,19,30,23,11,21,6,14,9,1,24
22-23 PROA,2023-02-11:Blois-Gravelines-Dunkerque,Blois,Gravelines-Dunkerque,21,Blois,Gravelines-Dunkerque,200,12000,89,42,27,19,6,17,20,18,6,18,10,11,2,2,15
22-23 PROA,2023-02-11:Blois-Gravelines-Dunkerque,Blois,Gravelines-Dunkerque,21,Gravelines-Dunkerque,Blois,200,12000,92,35,25,21,10,12,14,23,4,21,7,16,1,2,20
22-23 PROA,2023-02-11:Nanterre-Limoges,Nanterre,Limoges,21,Limoges,Nanterre,196.87,11812,70,44,20,13,2,24,30,22,11,12,8,11,2,6,20
22-23 PROA,2023-02-11:Nanterre-Limoges,Nanterre,Limoges,21,Nanterre,Limoges,200,12000,87,29,16,27,14,13,20,27,7,24,7,8,6,1,25
22-23 PROA,2023-02-11:Strasbourg-Cholet,Strasbourg,Cholet,21,Cholet,Strasbourg,200,12000,92,39,24,25,8,20,26,22,13,17,7,10,2,3,15
22-23 PROA,2023-02-11:Strasbourg-Cholet,Strasbourg,Cholet,21,Strasbourg,Cholet,200,12000,90,38,21,26,11,15,17,21,11,16,5,11,2,2,21
22-23 PROA,2023-02-11:Nancy-Le Portel,Nancy,Le Portel,21,Le Portel,Nancy,200,12000,73,36,20,24,5,18,23,33,12,14,3,16,4,2,26
22-23 PROA,2023-02-11:Nancy-Le Portel,Nancy,Le Portel,21,Nancy,Le Portel,200,12000,79,43,22,25,7,14,24,23,14,18,7,9,2,4,21
22-23 PROA,2023-02-12:Bourg-en-Bresse-Monaco,Bourg-en-Bresse,Monaco,21,Bourg-en-Bresse,Monaco,200,12000,90,31,17,25,14,14,17,21,4,18,7,18,1,4,25
22-23 PROA,2023-02-12:Bourg-en-Bresse-Monaco,Bourg-en-Bresse,Monaco,21,Monaco,Bourg-en-Bresse,200,12000,88,43,25,18,4,26,29,23,10,14,12,13,4,1,20
22-23 PROA,2023-02-12:Paris-Pau-Lacq-Orthez,Paris,Pau-Lacq-Orthez,21,Paris,Pau-Lacq-Orthez,200,12000,97,29,18,38,16,13,17,21,8,34,7,11,5,0,12
22-23 PROA,2023-02-12:Paris-Pau-Lacq-Orthez,Paris,Pau-Lacq-Orthez,21,Pau-Lacq-Orthez,Paris,200,12000,101,37,20,32,18,7,8,27,11,21,8,14,0,5,20
22-23 PROA,2023-03-03:Fos-sur-Mer-Le Mans,Fos-sur-Mer,Le Mans,22,Fos-sur-Mer,Le Mans,200,12000,71,34,19,26,6,15,20,20,6,17,13,11,2,4,21
22-23 PROA,2023-03-03:Fos-sur-Mer-Le Mans,Fos-sur-Mer,Le Mans,22,Le Mans,Fos-sur-Mer,200,12000,68,40,22,19,3,15,21,31,16,17,5,24,4,2,21
22-23 PROA,2023-03-04:Le Portel-Roanne,Le Portel,Roanne,22,Le Portel,Roanne,200,12000,84,36,13,25,13,19,25,25,8,18,6,12,0,8,16
22-23 PROA,2023-03-04:Le Portel-Roanne,Le Portel,Roanne,22,Roanne,Le Portel,200,12000,95,45,27,30,11,8,13,27,15,28,10,10,9,0,22
22-23 PROA,2023-03-04:Cholet-Bourg-en-Bresse,Cholet,Bourg-en-Bresse,22,Bourg-en-Bresse,Cholet,202.07,12124,88,40,24,26,8,16,18,18,9,14,3,10,1,2,27
22-23 PROA,2023-03-04:Cholet-Bourg-en-Bresse,Cholet,Bourg-en-Bresse,22,Cholet,Bourg-en-Bresse,199.62,11977,99,32,20,23,11,26,34,25,7,20,3,11,2,1,24
22-23 PROA,2023-03-04:Dijon-Blois,Dijon,Blois,22,Blois,Dijon,200,12000,77,44,25,17,4,15,20,18,10,14,11,16,0,3,21
22-23 PROA,2023-03-04:Dijon-Blois,Dijon,Blois,22,Dijon,Blois,200,12000,91,35,26,28,9,12,15,24,9,24,14,18,3,0,23
22-23 PROA,2023-03-04:Gravelines-Dunkerque-Paris,Gravelines-Dunkerque,Paris,22,Gravelines-Dunkerque,Paris,200,12000,76,46,27,23,6,4,8,16,6,19,7,7,2,2,21
22-23 PROA,2023-03-04:Gravelines-Dunkerque-Paris,Gravelines-Dunkerque,Paris,22,Paris,Gravelines-Dunkerque,200,12000,86,34,23,22,8,16,20,32,10,21,3,17,2,2,11
22-23 PROA,2023-03-04:Limoges-Nancy,Limoges,Nancy,22,Limoges,Nancy,200,12000,82,45,24,28,9,7,10,27,11,19,7,7,4,3,21
22-23 PROA,2023-03-04:Limoges-Nancy,Limoges,Nancy,22,Nancy,Limoges,200,12000,76,42,20,17,6,18,22,30,7,14,3,11,3,4,15
22-23 PROA,2023-03-05:Monaco-Nanterre,Monaco,Nanterre,22,Monaco,Nanterre,200,12000,108,47,27,23,12,18,20,17,15,27,9,10,2,3,17
22-23 PROA,2023-03-05:Monaco-Nanterre,Monaco,Nanterre,22,Nanterre,Monaco,200,12000,87,32,19,25,12,13,17,16,9,17,2,17,3,2,24
22-23 PROA,2023-03-05:Lyon-Villeurbanne-Strasbourg,Lyon-Villeurbanne,Strasbourg,22,Lyon-Villeurbanne,Strasbourg,200,12000,78,38,17,17,4,32,38,28,9,10,7,17,2,0,18
22-23 PROA,2023-03-05:Lyon-Villeurbanne-Strasbourg,Lyon-Villeurbanne,Strasbourg,22,Strasbourg,Lyon-Villeurbanne,197.22,11833,72,43,21,24,4,18,21,27,14,20,12,17,0,2,31
22-23 PROA,2023-03-07:Pau-Lacq-Orthez-Boulogne-Levallois,Pau-Lacq-Orthez,Boulogne-Levallois,22,Boulogne-Levallois,Pau-Lacq-Orthez,200,12000,78,33,19,24,8,16,21,28,6,14,7,14,9,3,16
22-23 PROA,2023-03-07:Pau-Lacq-Orthez-Boulogne-Levallois,Pau-Lacq-Orthez,Boulogne-Levallois,22,Pau-Lacq-Orthez,Boulogne-Levallois,200,12000,76,48,21,30,8,10,12,25,21,20,5,13,3,8,20
22-23 PROA,2023-03-10:Boulogne-Levallois-Nancy,Boulogne-Levallois,Nancy,23,Boulogne-Levallois,Nancy,199.23,11954,93,43,22,28,12,13,16,25,7,16,5,6,1,2,17
22-23 PROA,2023-03-10:Boulogne-Levallois-Nancy,Boulogne-Levallois,Nancy,23,Nancy,Boulogne-Levallois,199.23,11954,87,36,24,25,8,15,22,30,7,28,3,14,2,1,18
22-23 PROA,2023-03-10:Dijon-Fos-sur-Mer,Dijon,Fos-sur-Mer,23,Dijon,Fos-sur-Mer,200,12000,95,48,27,22,9,14,17,15,14,19,9,11,0,2,21
22-23 PROA,2023-03-10:Dijon-Fos-sur-Mer,Dijon,Fos-sur-Mer,23,Fos-sur-Mer,Dijon,200,12000,97,32,22,23,10,23,31,23,10,16,7,18,2,0,22
22-23 PROA,2023-03-11:Limoges-Cholet,Limoges,Cholet,23,Cholet,Limoges,200,12000,82,41,22,19,8,14,17,33,7,24,4,11,4,2,16
22-23 PROA,2023-03-11:Limoges-Cholet,Limoges,Cholet,23,Limoges,Cholet,200,12000,65,29,16,33,8,9,11,25,6,19,7,8,2,4,17
22-23 PROA,2023-03-11:Bourg-en-Bresse-Blois,Bourg-en-Bresse,Blois,23,Blois,Bourg-en-Bresse,200,12000,57,35,13,22,8,7,9,24,10,8,5,22,2,5,23
22-23 PROA,2023-03-11:Bourg-en-Bresse-Blois,Bourg-en-Bresse,Blois,23,Bourg-en-Bresse,Blois,200,12000,101,31,19,35,14,21,22,26,9,22,10,7,5,2,18
22-23 PROA,2023-03-11:Le Mans-Gravelines-Dunkerque,Le Mans,Gravelines-Dunkerque,23,Gravelines-Dunkerque,Le Mans,200,12000,86,41,25,27,7,15,20,15,6,20,6,5,3,3,26
22-23 PROA,2023-03-11:Le Mans-Gravelines-Dunkerque,Le Mans,Gravelines-Dunkerque,23,Le Mans,Gravelines-Dunkerque,200,12000,108,32,19,26,14,28,33,35,11,28,1,11,3,3,20
22-23 PROA,2023-03-11:Strasbourg-Paris,Strasbourg,Paris,23,Paris,Strasbourg,200,12000,76,31,16,29,9,17,19,22,10,18,3,17,0,2,18
22-23 PROA,2023-03-11:Strasbourg-Paris,Strasbourg,Paris,23,Strasbourg,Paris,200,12000,96,43,25,29,11,13,18,24,14,22,13,9,2,0,21
22-23 PROA,2023-03-12:Nanterre-Lyon-Villeurbanne,Nanterre,Lyon-Villeurbanne,23,Lyon-Villeurbanne,Nanterre,200,12000,82,41,28,17,4,14,22,31,8,26,10,16,4,1,24
22-23 PROA,2023-03-12:Nanterre-Lyon-Villeurbanne,Nanterre,Lyon-Villeurbanne,23,Nanterre,Lyon-Villeurbanne,200,12000,61,40,16,19,5,14,19,21,8,15,6,14,1,4,23
22-23 PROA,2023-03-12:Roanne-Monaco,Roanne,Monaco,23,Monaco,Roanne,200,12000,85,42,26,23,5,18,20,19,13,22,7,11,1,7,19
22-23 PROA,2023-03-12:Roanne-Monaco,Roanne,Monaco,23,Roanne,Monaco,200,12000,74,37,22,28,7,9,15,23,16,17,5,20,7,1,22
22-23 PROA,2023-03-14:Le Portel-Pau-Lacq-Orthez,Le Portel,Pau-Lacq-Orthez,23,Le Portel,Pau-Lacq-Orthez,200,12000,78,31,14,29,10,20,28,30,10,20,5,10,5,3,12
22-23 PROA,2023-03-14:Le Portel-Pau-Lacq-Orthez,Le Portel,Pau-Lacq-Orthez,23,Pau-Lacq-Orthez,Le Portel,200,12000,70,43,24,19,5,7,11,31,4,16,3,10,3,5,21
22-23 PROA,2023-03-14:Lyon-Villeurbanne-Boulogne-Levallois,Lyon-Villeurbanne,Boulogne-Levallois,24,Boulogne-Levallois,Lyon-Villeurbanne,200,12000,69,39,18,21,5,18,21,23,7,14,11,11,5,4,21
22-23 PROA,2023-03-14:Lyon-Villeurbanne-Boulogne-Levallois,Lyon-Villeurbanne,Boulogne-Levallois,24,Lyon-Villeurbanne,Boulogne-Levallois,200,12000,86,35,18,33,11,17,23,31,19,20,3,16,4,5,21
22-23 PROA,2023-03-17:Paris-Nanterre,Paris,Nanterre,24,Nanterre,Paris,200,12000,79,44,23,26,9,6,6,26,4,20,10,12,3,2,18
22-23 PROA,2023-03-17:Paris-Nanterre,Paris,Nanterre,24,Paris,Nanterre,200,12000,85,31,19,37,12,11,17,34,14,20,7,19,2,3,15
22-23 PROA,2023-03-17:Blois-Roanne,Blois,Roanne,24,Blois,Roanne,200,12000,96,42,24,29,9,21,29,25,11,21,11,10,7,7,23
22-23 PROA,2023-03-17:Blois-Roanne,Blois,Roanne,24,Roanne,Blois,200.7,12042,85,29,14,24,13,18,24,29,4,21,3,20,7,7,26
22-23 PROA,2023-03-21:Gravelines-Dunkerque-Cholet,Gravelines-Dunkerque,Cholet,24,Cholet,Gravelines-Dunkerque,200,12000,78,43,22,23,6,16,21,20,13,14,3,7,0,2,15
22-23 PROA,2023-03-21:Gravelines-Dunkerque-Cholet,Gravelines-Dunkerque,Cholet,24,Gravelines-Dunkerque,Cholet,200,12000,92,40,20,25,14,10,11,25,11,26,2,9,2,0,20
22-23 PROA,2023-03-21:Monaco-Le Portel,Monaco,Le Portel,24,Le Portel,Monaco,200,12000,78,43,23,25,7,11,12,15,12,19,7,10,0,3,20
22-23 PROA,2023-03-21:Monaco-Le Portel,Monaco,Le Portel,24,Monaco,Le Portel,200,12000,99,37,26,21,9,20,24,25,9,24,3,10,3,0,15
22-23 PROA,2023-03-24:Le Portel-Boulogne-Levallois,Le Portel,Boulogne-Levallois,25,Boulogne-Levallois,Le Portel,200,12000,77,44,25,18,4,15,22,29,6,13,9,12,7,1,16
22-23 PROA,2023-03-24:Le Portel-Boulogne-Levallois,Le Portel,Boulogne-Levallois,25,Le Portel,Boulogne-Levallois,200,12000,78,37,14,27,13,11,16,28,10,16,4,17,1,7,17
22-23 PROA,2023-03-24:Roanne-Le Mans,Roanne,Le Mans,25,Le Mans,Roanne,200,12000,92,37,21,22,8,26,34,20,16,13,7,21,3,4,25
22-23 PROA,2023-03-24:Roanne-Le Mans,Roanne,Le Mans,25,Roanne,Le Mans,200,12000,105,40,29,27,8,23,33,18,16,22,15,13,4,2,27
22-23 PROA,2023-03-25:Pau-Lacq-Orthez-Blois,Pau-Lacq-Orthez,Blois,25,Blois,Pau-Lacq-Orthez,225,13500,83,47,21,23,10,11,21,34,7,15,4,9,1,2,17
22-23 PROA,2023-03-25:Pau-Lacq-Orthez-Blois,Pau-Lacq-Orthez,Blois,25,Pau-Lacq-Orthez,Blois,225,13500,80,44,24,24,5,17,20,35,7,19,3,9,2,1,16
22-23 PROA,2023-03-25:Strasbourg-Gravelines-Dunkerque,Strasbourg,Gravelines-Dunkerque,25,Gravelines-Dunkerque,Strasbourg,200,12000,91,36,23,20,10,15,16,22,9,19,4,16,1,1,19
22-23 PROA,2023-03-25:Strasbourg-Gravelines-Dunkerque,Strasbourg,Gravelines-Dunkerque,25,Strasbourg,Gravelines-Dunkerque,200,12000,90,40,22,22,11,13,18,14,8,23,10,8,1,2,20
22-23 PROA,2023-03-25:Fos-sur-Mer-Lyon-Villeurbanne,Fos-sur-Mer,Lyon-Villeurbanne,25,Fos-sur-Mer,Lyon-Villeurbanne,200,12000,74,40,23,18,6,10,19,22,13,14,5,20,1,1,23
22-23 PROA,2023-03-25:Fos-sur-Mer-Lyon-Villeurbanne,Fos-sur-Mer,Lyon-Villeurbanne,25,Lyon-Villeurbanne,Fos-sur-Mer,200,12000,80,34,18,27,11,11,15,18,13,15,7,14,1,1,22
22-23 PROA,2023-03-25:Nanterre-Nancy,Nanterre,Nancy,25,Nancy,Nanterre,200,12000,75,31,16,30,10,13,23,28,7,14,3,12,2,3,17
22-23 PROA,2023-03-25:Nanterre-Nancy,Nanterre,Nancy,25,Nanterre,Nancy,200,12000,81,48,27,20,5,12,13,28,8,20,4,9,3,2,17
22-23 PROA,2023-03-25:Cholet-Paris,Cholet,Paris,25,Cholet,Paris,200,12000,63,45,19,21,5,10,15,33,9,10,6,9,2,4,12
22-23 PROA,2023-03-25:Cholet-Paris,Cholet,Paris,25,Paris,Cholet,200,12000,79,28,13,41,14,11,17,35,11,17,6,11,4,2,18
22-23 PROA,2023-03-26:Bourg-en-Bresse-Dijon,Bourg-en-Bresse,Dijon,25,Bourg-en-Bresse,Dijon,200,12000,69,32,18,24,5,18,26,29,11,19,1,16,5,1,21
22-23 PROA,2023-03-26:Bourg-en-Bresse-Dijon,Bourg-en-Bresse,Dijon,25,Dijon,Bourg-en-Bresse,200,12000,75,50,23,15,4,17,21,25,8,21,12,6,1,4,23
22-23 PROA,2023-03-26:Limoges-Monaco,Limoges,Monaco,25,Limoges,Monaco,200,12000,83,35,16,23,11,18,20,21,8,21,6,6,0,1,20
22-23 PROA,2023-03-26:Limoges-Monaco,Limoges,Monaco,25,Monaco,Limoges,200,12000,76,30,20,24,7,15,21,24,10,20,3,14,1,0,19
22-23 PROA,2023-03-28:Blois-Nancy,Blois,Nancy,26,Blois,Nancy,200,12000,75,38,16,26,12,7,10,27,11,20,4,9,2,1,18
22-23 PROA,2023-03-28:Blois-Nancy,Blois,Nancy,26,Nancy,Blois,200,12000,78,32,16,29,12,10,20,27,12,22,5,8,1,2,12
22-23 PROA,2023-03-28:Gravelines-Dunkerque-Roanne,Gravelines-Dunkerque,Roanne,26,Gravelines-Dunkerque,Roanne,200,12000,96,45,27,25,11,9,9,14,11,23,4,8,3,1,19
22-23 PROA,2023-03-28:Gravelines-Dunkerque-Roanne,Gravelines-Dunkerque,Roanne,26,Roanne,Gravelines-Dunkerque,200,12000,101,45,28,15,10,15,15,19,6,27,7,11,1,4,11
22-23 PROA,2023-03-28:Nanterre-Pau-Lacq-Orthez,Nanterre,Pau-Lacq-Orthez,26,Nanterre,Pau-Lacq-Orthez,200,12000,85,41,21,32,9,16,19,31,14,22,6,9,4,1,18
22-23 PROA,2023-03-28:Nanterre-Pau-Lacq-Orthez,Nanterre,Pau-Lacq-Orthez,26,Pau-Lacq-Orthez,Nanterre,200,12000,64,34,18,29,7,7,15,29,10,20,4,13,1,5,18
22-23 PROA,2023-03-28:Dijon-Limoges,Dijon,Limoges,26,Dijon,Limoges,200,12000,75,25,11,26,10,23,24,19,13,10,6,19,2,1,23
22-23 PROA,2023-03-28:Dijon-Limoges,Dijon,Limoges,26,Limoges,Dijon,200,12000,69,38,21,17,4,15,19,16,11,16,7,11,1,2,24
22-23 PROA,2023-03-28:Boulogne-Levallois-Le Mans,Boulogne-Levallois,Le Mans,26,Boulogne-Levallois,Le Mans,200,12000,89,38,18,28,13,14,15,25,10,20,6,14,6,3,21
22-23 PROA,2023-03-28:Boulogne-Levallois-Le Mans,Boulogne-Levallois,Le Mans,26,Le Mans,Boulogne-Levallois,200,12000,83,36,20,24,9,16,19,22,9,21,6,16,3,7,17
22-23 PROA,2023-03-31:Fos-sur-Mer-Gravelines-Dunkerque,Fos-sur-Mer,Gravelines-Dunkerque,27,Fos-sur-Mer,Gravelines-Dunkerque,200,12000,63,33,18,23,5,12,24,24,12,14,6,12,1,2,16
22-23 PROA,2023-03-31:Fos-sur-Mer-Gravelines-Dunkerque,Fos-sur-Mer,Gravelines-Dunkerque,27,Gravelines-Dunkerque,Fos-sur-Mer,200,12000,69,44,21,15,5,12,15,27,10,13,5,13,2,1,23
22-23 PROA,2023-03-31:Le Portel-Paris,Le Portel,Paris,27,Le Portel,Paris,200,12000,84,45,23,20,7,17,27,31,10,16,9,10,4,4,20
22-23 PROA,2023-03-31:Le Portel-Paris,Le Portel,Paris,27,Paris,Le Portel,200,12000,71,33,15,34,9,14,19,28,14,18,3,14,4,4,21
22-23 PROA,2023-04-01:Cholet-Nanterre,Cholet,Nanterre,27,Cholet,Nanterre,200,12000,80,40,20,24,11,7,14,27,12,19,6,16,2,4,23
22-23 PROA,2023-04-01:Cholet-Nanterre,Cholet,Nanterre,27,Nanterre,Cholet,200,12000,86,43,23,26,8,16,23,26,13,18,9,9,4,2,19
22-23 PROA,2023-04-01:Le Mans-Dijon,Le Mans,Dijon,27,Dijon,Le Mans,200,12000,81,33,21,22,8,15,16,15,5,15,9,16,1,2,26
22-23 PROA,2023-04-01:Le Mans-Dijon,Le Mans,Dijon,27,Le Mans,Dijon,200,12000,96,24,17,24,12,26,33,20,7,27,8,17,2,1,20
22-23 PROA,2023-04-01:Limoges-Pau-Lacq-Orthez,Limoges,Pau-Lacq-Orthez,27,Limoges,Pau-Lacq-Orthez,200,12000,81,33,21,30,8,15,21,17,14,20,9,11,3,2,28
22-23 PROA,2023-04-01:Limoges-Pau-Lacq-Orthez,Limoges,Pau-Lacq-Orthez,27,Pau-Lacq-Orthez,Limoges,200,12000,89,26,17,28,10,25,35,22,11,20,6,12,2,3,16
22-23 PROA,2023-04-01:Nancy-Bourg-en-Bresse,Nancy,Bourg-en-Bresse,27,Bourg-en-Bresse,Nancy,200,12000,96,50,32,16,7,11,17,27,8,19,3,11,4,4,20
22-23 PROA,2023-04-01:Nancy-Bourg-en-Bresse,Nancy,Bourg-en-Bresse,27,Nancy,Bourg-en-Bresse,200,12000,82,56,32,16,2,12,14,20,12,18,6,8,3,4,19
22-23 PROA,2023-04-01:Strasbourg-Blois,Strasbourg,Blois,27,Blois,Strasbourg,200,12000,95,43,30,17,5,20,24,25,8,22,12,17,2,1,21
22-23 PROA,2023-04-01:Strasbourg-Blois,Strasbourg,Blois,27,Strasbourg,Blois,200,12000,85,34,22,27,8,17,22,17,8,23,8,17,1,1,25
22-23 PROA,2023-04-02:Lyon-Villeurbanne-Roanne,Lyon-Villeurbanne,Roanne,27,Lyon-Villeurbanne,Roanne,200,12000,96,30,20,24,13,17,20,25,4,22,9,17,4,1,20
22-23 PROA,2023-04-02:Lyon-Villeurbanne-Roanne,Lyon-Villeurbanne,Roanne,27,Roanne,Lyon-Villeurbanne,200,12000,78,34,17,21,8,20,25,17,5,17,7,18,1,4,21
22-23 PROA,2023-04-02:Monaco-Boulogne-Levallois,Monaco,Boulogne-Levallois,27,Boulogne-Levallois,Monaco,200,12000,68,34,18,22,8,8,11,31,5,14,4,19,4,1,23
22-23 PROA,2023-04-02:Monaco-Boulogne-Levallois,Monaco,Boulogne-Levallois,27,Monaco,Boulogne-Levallois,200,12000,87,41,19,32,10,19,24,23,16,19,7,8,1,4,13